{"stats":{"minecraft:picked_up":{"mca:comb":1,"mca:needle_and_thread":1,"minecraft:sand":3,"minecraft:oak_log":1},"minecraft:mined":{"minecraft:oak_log":1,"minecraft:dirt_path":3,"minecraft:sand":3,"minecraft:tall_grass":1},"minecraft:custom":{"minecraft:open_chest":1,"minecraft:time_since_rest":9552,"minecraft:crouch_one_cm":713,"minecraft:walk_one_cm":20608,"minecraft:play_time":20487,"minecraft:sprint_one_cm":23794,"minecraft:damage_taken":10,"minecraft:deaths":1,"minecraft:sneak_time":871,"minecraft:jump":399,"minecraft:leave_game":1,"minecraft:time_since_death":11951,"minecraft:total_world_time":20487,"minecraft:fall_one_cm":2833,"minecraft:fly_one_cm":248141},"minecraft:used":{"minecraft:sand":3,"minecraft:polished_granite":3,"minecraft:warped_planks":2}},"DataVersion":3120}