{"stats":{"minecraft:custom":{"minecraft:mob_kills":6,"minecraft:traded_with_villager":27,"minecraft:open_barrel":2,"minecraft:bell_ring":5,"minecraft:leave_game":14,"minecraft:time_since_death":190338,"minecraft:climb_one_cm":4638,"minecraft:time_since_rest":189995,"minecraft:waystone_activated":1,"minecraft:sprint_one_cm":127530,"minecraft:damage_taken":493,"minecraft:walk_one_cm":235283,"minecraft:damage_dealt":1890,"minecraft:swim_one_cm":1275,"minecraft:fly_one_cm":1882834,"minecraft:open_chest":2,"minecraft:crouch_one_cm":14486,"minecraft:play_time":303199,"tombstone:undead_killed":3,"minecraft:deaths":2,"minecraft:sneak_time":11261,"minecraft:walk_under_water_one_cm":354,"minecraft:jump":1209,"minecraft:walk_on_water_one_cm":4005,"minecraft:total_world_time":303199,"minecraft:fall_one_cm":13334},"minecraft:killed_by":{"minecraft:creeper":1},"minecraft:mined":{"minecraft:tall_grass":1,"minecraft:oak_log":1,"minecraft:dirt_path":3,"minecraft:sand":4},"minecraft:picked_up":{"minecraft:leather_chestplate":3,"minecraft:redstone_block":64,"born_in_chaos_v1:river_mint":1,"minecraft:glow_ink_sac":2,"easy_npc:humanoid_spawn_egg":64,"minecraft:leather_leggings":3,"minecraft:oak_log":1,"minecraft:gunpowder":1,"minecraft:dirt":80,"tombstone:gift":1,"minecraft:item_frame":2,"minecraft:armor_stand":3,"immersive_aircraft:bomb_bay":1,"minecraft:pufferfish":1,"minecraft:bone":4,"minecraft:wheat_seeds":3,"minecraft:gold_nugget":2,"minecraft:dark_oak_sign":2,"minecraft:poppy":1,"minecraft:copper_ore":64,"minecraft:raw_iron":1,"easy_npc:humanoid_slim_spawn_egg":64,"mca:comb":1,"mca:needle_and_thread":1,"minecraft:sand":4,"undead_unleashed:grave_metal_scrap":2,"minecraft:cookie":1,"minecraft:carrot":6,"minecraft:leather_helmet":3,"cfm:spruce_upgraded_fence":1,"minecraft:tnt":64,"minecraft:stone_sword":1,"gothic:meat":4,"minecraft:rotten_flesh":4,"minecraft:command_block":2,"minecraft:peony":7,"minecraft:lever":1,"minecraft:diamond_boots":2,"easy_npc:fairy_spawn_egg":64,"minecraft:coal":63},"minecraft:crafted":{"simply_tokens:elegant_token":24,"simply_tokens:diamond_token":5,"simply_tokens:gold_token":5,"simply_tokens:silver_token":5,"minecraft:air":0},"minecraft:used":{"minecraft:water_bucket":3,"born_in_chaos_v1:argillite_lamp":61,"born_in_chaos_v1:green_stained_glass":46,"minecraft:spruce_door":2,"minecraft:armor_stand":1,"minecraft:dark_oak_sign":3,"minecraft:redstone_block":13,"gothic:meat":3,"minecraft:leather_boots":1,"minecraft:oak_leaves":23,"minecraft:torch":15,"minecraft:diamond_block":74,"create:andesite_door":5,"minecraft:dirt":10,"minecraft:sand":4,"minecraft:mangrove_trapdoor":75,"easy_npc:humanoid_slim_spawn_egg":2,"minecraft:spruce_stairs":1,"easy_npc:humanoid_spawn_egg":2,"minecraft:spruce_fence":5,"minecraft:warped_planks":2,"cfm:spruce_upgraded_gate":8,"born_in_chaos_v1:supreme_measure":6,"minecraft:oak_log":5,"waystones:waystone":1,"minecraft:piston":3,"minecraft:lever":1,"cfm:dark_oak_upgraded_fence":5,"cfm:light_blue_sofa":5,"minecraft:command_block":15,"minecraft:iron_block":53,"minecraft:grass_block":96,"minecraft:copper_ore":25,"easy_npc:orc_spawn_egg":2,"cfm:oak_upgraded_fence":40,"minecraft:polished_granite":3,"minecraft:spruce_trapdoor":1,"minecraft:item_frame":15,"born_in_chaos_v1:mesh_door":1,"minecraft:stone_bricks":4,"minecraft:glowstone":15,"easy_npc:fairy_spawn_egg":2,"minecraft:bedrock":2,"minecraft:gold_block":39,"minecraft:purple_carpet":1,"minecraft:enchanted_golden_apple":1,"easy_npc:orc_warrior_spawn_egg":1},"minecraft:killed":{"born_in_chaos_v1:barrel_zombie":1,"minecraft:creeper":2,"minecraft:skeleton":2,"gothic:shadowbeast":1}},"DataVersion":3120}