{"stats":{"minecraft:mined":{"minecraft:oak_log":1,"minecraft:dirt_path":3,"minecraft:sand":3,"minecraft:tall_grass":1},"minecraft:custom":{"minecraft:open_chest":1,"minecraft:time_since_rest":69840,"minecraft:damage_taken":10,"minecraft:crouch_one_cm":2367,"minecraft:play_time":80775,"minecraft:deaths":1,"minecraft:sprint_one_cm":31069,"minecraft:walk_one_cm":48041,"minecraft:sneak_time":2787,"minecraft:jump":476,"minecraft:leave_game":6,"minecraft:time_since_death":72239,"minecraft:walk_on_water_one_cm":2152,"minecraft:total_world_time":80775,"minecraft:fall_one_cm":2833,"minecraft:fly_one_cm":631690},"minecraft:used":{"minecraft:water_bucket":3,"easy_npc:fairy_spawn_egg":1,"minecraft:bedrock":1,"minecraft:sand":3,"minecraft:grass_block":3,"minecraft:copper_ore":13,"minecraft:polished_granite":3,"minecraft:warped_planks":2},"minecraft:picked_up":{"minecraft:tnt":64,"immersive_aircraft:bomb_bay":1,"mca:comb":1,"mca:needle_and_thread":1,"minecraft:sand":3,"minecraft:oak_log":1,"minecraft:carrot":3,"minecraft:coal":63}},"DataVersion":3120}