{"stats":{"minecraft:used":{"easy_npc:fairy_spawn_egg":1,"minecraft:bedrock":2,"minecraft:lever":1,"minecraft:dirt":9,"minecraft:sand":3,"minecraft:command_block":15,"minecraft:grass_block":38,"minecraft:copper_ore":25,"minecraft:polished_granite":3,"minecraft:redstone_block":4,"minecraft:warped_planks":2,"minecraft:torch":7,"minecraft:item_frame":1,"minecraft:water_bucket":3},"minecraft:custom":{"minecraft:open_chest":1,"minecraft:time_since_rest":99871,"minecraft:damage_taken":30,"minecraft:crouch_one_cm":5386,"minecraft:play_time":110806,"minecraft:deaths":1,"minecraft:sprint_one_cm":43596,"minecraft:walk_one_cm":69902,"minecraft:sneak_time":4075,"minecraft:jump":564,"minecraft:leave_game":9,"minecraft:time_since_death":102270,"minecraft:walk_on_water_one_cm":2152,"minecraft:total_world_time":110806,"minecraft:fall_one_cm":3655,"minecraft:fly_one_cm":775016},"minecraft:mined":{"minecraft:oak_log":1,"minecraft:dirt_path":3,"minecraft:sand":3,"minecraft:tall_grass":1},"minecraft:picked_up":{"minecraft:tnt":64,"immersive_aircraft:bomb_bay":1,"mca:comb":1,"minecraft:lever":1,"mca:needle_and_thread":1,"minecraft:sand":3,"minecraft:oak_log":1,"minecraft:carrot":3,"minecraft:coal":63}},"DataVersion":3120}