{"stats":{"minecraft:custom":{"minecraft:mob_kills":41,"minecraft:open_barrel":2,"minecraft:fill_cauldron":1,"minecraft:bell_ring":5,"minecraft:damage_dealt_resisted":30,"minecraft:leave_game":15,"minecraft:time_since_death":524990,"minecraft:climb_one_cm":4753,"minecraft:sprint_one_cm":335194,"minecraft:walk_one_cm":952139,"minecraft:drop":1,"minecraft:talked_to_villager":3,"minecraft:play_time":637851,"minecraft:deaths":2,"minecraft:sneak_time":27311,"minecraft:walk_under_water_one_cm":29041,"minecraft:interact_with_brewingstand":1,"minecraft:jump":2975,"minecraft:walk_on_water_one_cm":42661,"minecraft:total_world_time":637851,"tombstone:raider_killed":11,"minecraft:traded_with_villager":28,"minecraft:sleep_in_bed":1,"minecraft:time_since_rest":46684,"minecraft:waystone_activated":1,"minecraft:damage_taken":513,"minecraft:damage_dealt":11611,"minecraft:swim_one_cm":1275,"minecraft:fly_one_cm":3765816,"minecraft:open_chest":2,"minecraft:crouch_one_cm":53819,"tombstone:undead_killed":17,"tombstone:villager_killed":3,"minecraft:fall_one_cm":13334},"minecraft:used":{"minecraft:oak_trapdoor":8,"minecraft:enchanting_table":1,"cfm:jungle_upgraded_fence":1,"cfm:acacia_desk":6,"minecraft:netherite_sword":9,"create:brass_door":4,"born_in_chaos_v1:green_stained_glass":56,"born_in_chaos_v1:argillite_lamp":69,"minecraft:iron_shovel":15,"minecraft:carved_pumpkin":5,"minecraft:armor_stand":6,"minecraft:spruce_slab":25,"cfm:jungle_crate":6,"minecraft:spruce_planks":216,"easy_npc:piglin_spawn_egg":1,"minecraft:ender_chest":1,"minecraft:stone":29,"gothic:snapper_trophy":1,"gothic:meat":3,"minecraft:bell":3,"create:polished_cut_deepslate_wall":30,"minecraft:torch":28,"minecraft:brewing_stand":3,"minecraft:dirt":11,"minecraft:target":6,"create:andesite_door":7,"easy_npc:humanoid_slim_spawn_egg":2,"minecraft:spruce_stairs":1,"gothic:ice_wolf_trophy":1,"artifacts:mimic_spawn_egg":19,"create:metal_girder":4,"create:small_ochrum_brick_stairs":1,"minecraft:spruce_fence":60,"minecraft:granite":2,"minecraft:beehive":6,"easy_npc:humanoid_spawn_egg":2,"gothic:deco_beliar_statue":11,"create:spruce_window":1,"create:smart_chute":1,"born_in_chaos_v1:supreme_measure":17,"cfm:dark_oak_upgraded_fence":5,"cfm:oak_bedside_cabinet":7,"minecraft:netherite_shovel":197,"minecraft:coal_ore":4,"minecraft:bookshelf":53,"cfm:light_blue_sofa":5,"minecraft:villager_spawn_egg":2,"create:spruce_window_pane":10,"cfm:jungle_upgraded_gate":2,"gothic:field_raider_trophy":1,"minecraft:red_wool":5,"minecraft:lantern":24,"minecraft:iron_block":57,"minecraft:grass_block":199,"minecraft:oak_stairs":51,"cfm:stripped_dark_oak_table":135,"cfm:stripped_jungle_upgraded_gate":1,"minecraft:copper_ore":25,"easy_npc:orc_spawn_egg":2,"minecraft:netherite_hoe":2,"easy_npc:illusioner_spawn_egg":1,"minecraft:dark_oak_slab":8,"create:copper_bars":5,"gothic:boar_trophy":1,"easy_npc:villager_spawn_egg":1,"minecraft:stone_bricks":231,"cfm:spruce_coffee_table":39,"create:rose_quartz_block":2,"minecraft:item_frame":83,"create:experience_block":18,"minecraft:bedrock":2,"cfm:stripped_spruce_upgraded_fence":19,"minecraft:glowstone":17,"minecraft:redstone_lamp":4,"minecraft:infested_cracked_stone_bricks":12,"minecraft:mangrove_roots":12,"create:small_veridium_bricks":38,"minecraft:oak_sapling":44,"cfm:dark_oak_coffee_table":12,"gothic:urizel":20,"mca:jeweler_workbench":3,"minecraft:gold_block":39,"cfm:stripped_mangrove_chair":2,"minecraft:potato":7,"minecraft:pearlescent_froglight":11,"cfm:dark_oak_hedge":3,"minecraft:enchanted_golden_apple":1,"easy_npc:orc_warrior_spawn_egg":1,"cfm:jungle_mail_box":1,"minecraft:wheat_seeds":17,"minecraft:water_bucket":17,"create:asurine_pillar":19,"cfm:spruce_kitchen_drawer":2,"minecraft:iron_ore":8,"minecraft:dirt_path":94,"minecraft:spruce_door":2,"create:small_veridium_brick_slab":17,"cfm:spruce_hedge":7,"securitycraft:reinforced_oak_wood":1,"minecraft:dark_oak_sign":3,"create:train_door":4,"minecraft:oak_planks":3,"cfm:spruce_cabinet":5,"minecraft:copper_block":8,"cfm:spruce_blinds":6,"minecraft:composter":4,"minecraft:redstone_block":13,"minecraft:cauldron":1,"minecraft:gold_ore":2,"cfm:oak_coffee_table":8,"minecraft:clay":5,"minecraft:leather_boots":1,"gothic:stone_golem_trophy":2,"create:blaze_burner":1,"create:spout":3,"minecraft:oak_leaves":25,"cfm:stripped_spruce_desk":10,"minecraft:white_wool":4,"minecraft:diamond_block":74,"minecraft:golden_hoe":10,"cfm:spruce_crate":17,"minecraft:sand":6,"gothic:cave_molerat_trophy":1,"minecraft:mangrove_trapdoor":75,"gothic:shadowbeast_trophy":1,"minecraft:oak_slab":14,"minecraft:red_bed":37,"securitycraft:reinforced_stripped_spruce_wood":1,"born_in_chaos_v1:cultivated_pumpkin":6,"cfm:black_picket_gate":6,"minecraft:white_bed":37,"minecraft:sponge":149,"minecraft:stone_brick_wall":6,"minecraft:black_bed":1,"gothic:ice_golem_trophy":1,"cfm:spruce_table":101,"minecraft:warped_planks":2,"minecraft:spruce_log":440,"cfm:spruce_upgraded_gate":9,"minecraft:oak_log":7,"minecraft:ender_eye":2,"minecraft:piston":3,"waystones:waystone":1,"minecraft:lever":1,"minecraft:wooden_hoe":11,"cfm:spruce_upgraded_fence":95,"easy_npc:iron_golem_spawn_egg":1,"minecraft:command_block":15,"minecraft:barrier":49,"cfm:oak_upgraded_fence":68,"create:contraption_controls":1,"minecraft:polished_granite":3,"minecraft:spruce_trapdoor":13,"minecraft:diamond_ore":3,"create:andesite_casing":115,"minecraft:flowering_azalea_leaves":30,"easy_npc:fairy_spawn_egg":3,"easy_npc:zombie_spawn_egg":1,"cfm:stripped_dark_oak_upgraded_fence":2,"born_in_chaos_v1:mesh_door":1,"gothic:deco_innos_statue":27,"cfm:stripped_spruce_upgraded_gate":28,"gothic:molerat_trophy":1,"minecraft:bucket":3,"create:creative_fluid_tank":1,"minecraft:end_portal_frame":4,"minecraft:stripped_oak_log":10,"minecraft:coarse_dirt":11,"minecraft:purple_carpet":1,"minecraft:splash_potion":1,"minecraft:cobweb":18,"securitycraft:glow_display_case":2},"minecraft:picked_up":{"minecraft:wheat":2,"minecraft:azure_bluet":1,"minecraft:redstone_block":64,"born_in_chaos_v1:river_mint":1,"minecraft:golden_pickaxe":1,"minecraft:leather_leggings":3,"artifacts:bunny_hoppers":1,"minecraft:lead":2,"minecraft:wooden_pickaxe":2,"minecraft:enchanted_book":1,"minecraft:cornflower":1,"artifacts:power_glove":1,"artifacts:feral_claws":1,"artifacts:fire_gauntlet":1,"minecraft:white_carpet":39,"minecraft:armor_stand":3,"minecraft:item_frame":34,"immersive_aircraft:bomb_bay":1,"minecraft:pufferfish":1,"minecraft:gold_nugget":2,"artifacts:aqua_dashers":1,"minecraft:poppy":1,"minecraft:copper_ore":64,"minecraft:raw_iron":1,"artifacts:charm_of_sinking":1,"minecraft:torch":1,"artifacts:vampiric_glove":1,"gothic:deco_beliar_statue":1,"minecraft:cookie":3,"tombstone:grave_dust":2,"minecraft:carrot":7,"cfm:spruce_upgraded_fence":1,"minecraft:tnt":64,"minecraft:stone_sword":2,"minecraft:command_block":2,"minecraft:rotten_flesh":13,"minecraft:pumpkin_pie":1,"minecraft:peony":7,"minecraft:diamond_boots":2,"gothic:bug_meat":1,"artifacts:running_shoes":2,"artifacts:pocket_piston":1,"born_in_chaos_v1:corpse_maggot":8,"minecraft:leather_chestplate":3,"artifacts:digging_claws":1,"minecraft:glow_ink_sac":2,"easy_npc:humanoid_spawn_egg":64,"minecraft:leather":1,"minecraft:oak_log":1,"artifacts:superstitious_hat":2,"artifacts:flippers":2,"artifacts:flame_pendant":1,"minecraft:gunpowder":1,"gothic:deco_innos_statue":8,"minecraft:paper":1,"tombstone:gift":1,"minecraft:dirt":80,"minecraft:lantern":9,"minecraft:white_banner":37,"minecraft:purple_carpet":36,"minecraft:bone":6,"minecraft:apple":2,"minecraft:kelp":1,"minecraft:wheat_seeds":7,"immersive_paintings:graffiti":1,"minecraft:bell":1,"artifacts:kitty_slippers":1,"minecraft:stone_pickaxe":2,"minecraft:cooked_chicken":1,"minecraft:dark_oak_sign":2,"artifacts:steadfast_spikes":1,"minecraft:rabbit":1,"minecraft:iron_sword":1,"easy_npc:humanoid_slim_spawn_egg":64,"mca:comb":1,"minecraft:quartz":1,"minecraft:dandelion":1,"minecraft:poisonous_potato":1,"mca:needle_and_thread":1,"minecraft:sand":4,"undead_unleashed:grave_metal_scrap":2,"minecraft:white_bed":1,"artifacts:scarf_of_invisibility":1,"minecraft:leather_helmet":3,"artifacts:helium_flamingo":1,"gothic:meat":4,"minecraft:slime_ball":2,"artifacts:golden_hook":2,"artifacts:crystal_heart":1,"minecraft:lever":1,"easy_npc:fairy_spawn_egg":64,"minecraft:emerald":1,"minecraft:coal":63},"minecraft:killed_by":{"minecraft:creeper":1},"minecraft:dropped":{"minecraft:white_bed":1},"minecraft:killed":{"born_in_chaos_v1:maggot":3,"minecraft:skeleton":2,"gothic:shadowbeast":1,"artifacts:mimic":8,"born_in_chaos_v1:barrel_zombie":1,"born_in_chaos_v1:swarmer":1,"minecraft:wandering_trader":1,"minecraft:creeper":2,"born_in_chaos_v1:decrepit_skeleton":1,"gothic:meatbug":1,"minecraft:trader_llama":2,"minecraft:zombie":11,"born_in_chaos_v1:corpse_fly":4,"undead_unleashed:haunter":1,"minecraft:villager":2},"minecraft:mined":{"minecraft:dirt_path":3,"minecraft:tall_grass":1,"minecraft:oak_log":1,"minecraft:sand":4},"minecraft:crafted":{"gothic:meat":2,"simply_tokens:diamond_token":5,"simply_tokens:gold_token":5,"simply_tokens:elegant_token":24,"simply_tokens:silver_token":5,"minecraft:air":0}},"DataVersion":3120}