{"stats":{"minecraft:custom":{"minecraft:mob_kills":30,"minecraft:open_barrel":2,"minecraft:bell_ring":5,"minecraft:damage_dealt_resisted":30,"minecraft:leave_game":15,"minecraft:time_since_death":338990,"minecraft:climb_one_cm":4753,"minecraft:sprint_one_cm":264330,"minecraft:walk_one_cm":636927,"minecraft:drop":1,"minecraft:play_time":451851,"minecraft:deaths":2,"minecraft:sneak_time":19553,"minecraft:walk_under_water_one_cm":1393,"minecraft:jump":2386,"minecraft:walk_on_water_one_cm":4506,"minecraft:total_world_time":451851,"tombstone:raider_killed":11,"minecraft:traded_with_villager":28,"minecraft:time_since_rest":338647,"minecraft:waystone_activated":1,"minecraft:damage_taken":513,"minecraft:damage_dealt":6047,"minecraft:swim_one_cm":1275,"minecraft:fly_one_cm":3015729,"minecraft:open_chest":2,"minecraft:crouch_one_cm":34801,"tombstone:undead_killed":17,"tombstone:villager_killed":2,"minecraft:fall_one_cm":13334},"minecraft:used":{"minecraft:oak_trapdoor":8,"minecraft:netherite_sword":9,"create:brass_door":4,"born_in_chaos_v1:green_stained_glass":56,"born_in_chaos_v1:argillite_lamp":69,"minecraft:iron_shovel":15,"minecraft:carved_pumpkin":5,"minecraft:armor_stand":1,"minecraft:spruce_planks":67,"gothic:meat":3,"minecraft:bell":3,"minecraft:torch":21,"minecraft:dirt":10,"create:andesite_door":7,"easy_npc:humanoid_slim_spawn_egg":2,"minecraft:spruce_stairs":1,"minecraft:spruce_fence":45,"minecraft:granite":2,"minecraft:beehive":6,"easy_npc:humanoid_spawn_egg":2,"gothic:deco_beliar_statue":4,"create:spruce_window":1,"born_in_chaos_v1:supreme_measure":6,"cfm:dark_oak_upgraded_fence":5,"minecraft:netherite_shovel":197,"cfm:light_blue_sofa":5,"minecraft:villager_spawn_egg":2,"create:spruce_window_pane":10,"minecraft:red_wool":5,"minecraft:lantern":1,"minecraft:iron_block":57,"minecraft:grass_block":194,"minecraft:oak_stairs":51,"minecraft:copper_ore":25,"easy_npc:orc_spawn_egg":2,"minecraft:dark_oak_slab":8,"minecraft:stone_bricks":99,"cfm:spruce_coffee_table":39,"minecraft:item_frame":16,"minecraft:bedrock":2,"minecraft:glowstone":17,"minecraft:infested_cracked_stone_bricks":12,"minecraft:mangrove_roots":12,"minecraft:oak_sapling":44,"gothic:urizel":20,"minecraft:gold_block":39,"minecraft:pearlescent_froglight":11,"cfm:dark_oak_hedge":3,"minecraft:enchanted_golden_apple":1,"easy_npc:orc_warrior_spawn_egg":1,"minecraft:wheat_seeds":17,"minecraft:water_bucket":5,"cfm:spruce_kitchen_drawer":2,"minecraft:dirt_path":86,"minecraft:spruce_door":2,"cfm:spruce_hedge":7,"securitycraft:reinforced_oak_wood":1,"minecraft:dark_oak_sign":3,"create:train_door":4,"minecraft:oak_planks":3,"cfm:spruce_cabinet":5,"cfm:spruce_blinds":6,"minecraft:composter":4,"minecraft:redstone_block":13,"minecraft:clay":5,"minecraft:leather_boots":1,"minecraft:oak_leaves":25,"cfm:stripped_spruce_desk":10,"minecraft:white_wool":4,"minecraft:diamond_block":74,"minecraft:golden_hoe":6,"cfm:spruce_crate":13,"minecraft:sand":6,"minecraft:mangrove_trapdoor":75,"minecraft:oak_slab":14,"minecraft:red_bed":22,"securitycraft:reinforced_stripped_spruce_wood":1,"born_in_chaos_v1:cultivated_pumpkin":6,"cfm:black_picket_gate":6,"minecraft:white_bed":23,"minecraft:stone_brick_wall":6,"cfm:spruce_table":38,"minecraft:warped_planks":2,"minecraft:spruce_log":191,"cfm:spruce_upgraded_gate":8,"minecraft:oak_log":7,"minecraft:piston":3,"waystones:waystone":1,"minecraft:lever":1,"minecraft:wooden_hoe":11,"cfm:spruce_upgraded_fence":52,"minecraft:command_block":15,"cfm:oak_upgraded_fence":60,"create:contraption_controls":1,"minecraft:polished_granite":3,"minecraft:spruce_trapdoor":13,"minecraft:flowering_azalea_leaves":30,"easy_npc:fairy_spawn_egg":2,"born_in_chaos_v1:mesh_door":1,"gothic:deco_innos_statue":4,"cfm:stripped_spruce_upgraded_gate":28,"minecraft:end_portal_frame":1,"minecraft:stripped_oak_log":9,"minecraft:purple_carpet":1,"minecraft:cobweb":18},"minecraft:picked_up":{"minecraft:wheat":2,"minecraft:azure_bluet":1,"minecraft:redstone_block":64,"born_in_chaos_v1:river_mint":1,"minecraft:leather_leggings":3,"minecraft:white_carpet":19,"minecraft:armor_stand":3,"minecraft:item_frame":13,"immersive_aircraft:bomb_bay":1,"minecraft:pufferfish":1,"minecraft:gold_nugget":2,"minecraft:poppy":1,"minecraft:copper_ore":64,"minecraft:raw_iron":1,"minecraft:cookie":3,"tombstone:grave_dust":2,"minecraft:carrot":7,"cfm:spruce_upgraded_fence":1,"minecraft:tnt":64,"minecraft:stone_sword":1,"minecraft:command_block":2,"minecraft:rotten_flesh":13,"minecraft:pumpkin_pie":1,"minecraft:peony":7,"minecraft:diamond_boots":2,"gothic:bug_meat":1,"born_in_chaos_v1:corpse_maggot":8,"minecraft:leather_chestplate":3,"minecraft:glow_ink_sac":2,"easy_npc:humanoid_spawn_egg":64,"minecraft:oak_log":1,"minecraft:gunpowder":1,"tombstone:gift":1,"minecraft:dirt":80,"minecraft:lantern":2,"minecraft:white_banner":17,"minecraft:purple_carpet":18,"minecraft:bone":6,"minecraft:apple":2,"minecraft:wheat_seeds":5,"minecraft:bell":1,"minecraft:cooked_chicken":1,"minecraft:dark_oak_sign":2,"minecraft:rabbit":1,"easy_npc:humanoid_slim_spawn_egg":64,"mca:comb":1,"minecraft:dandelion":1,"minecraft:poisonous_potato":1,"mca:needle_and_thread":1,"minecraft:sand":4,"undead_unleashed:grave_metal_scrap":2,"minecraft:white_bed":1,"minecraft:leather_helmet":3,"gothic:meat":4,"minecraft:slime_ball":2,"minecraft:lever":1,"easy_npc:fairy_spawn_egg":64,"minecraft:coal":63},"minecraft:killed_by":{"minecraft:creeper":1},"minecraft:dropped":{"minecraft:white_bed":1},"minecraft:killed":{"born_in_chaos_v1:maggot":3,"minecraft:skeleton":2,"gothic:shadowbeast":1,"born_in_chaos_v1:barrel_zombie":1,"born_in_chaos_v1:swarmer":1,"minecraft:creeper":2,"born_in_chaos_v1:decrepit_skeleton":1,"gothic:meatbug":1,"minecraft:zombie":11,"born_in_chaos_v1:corpse_fly":4,"undead_unleashed:haunter":1,"minecraft:villager":2},"minecraft:mined":{"minecraft:dirt_path":3,"minecraft:tall_grass":1,"minecraft:oak_log":1,"minecraft:sand":4},"minecraft:crafted":{"gothic:meat":2,"simply_tokens:diamond_token":5,"simply_tokens:gold_token":5,"simply_tokens:elegant_token":24,"simply_tokens:silver_token":5,"minecraft:air":0}},"DataVersion":3120}