{"stats":{"minecraft:used":{"minecraft:water_bucket":3,"easy_npc:fairy_spawn_egg":1,"minecraft:bedrock":2,"minecraft:sand":3,"minecraft:grass_block":3,"minecraft:copper_ore":13,"minecraft:polished_granite":3,"minecraft:warped_planks":2},"minecraft:custom":{"minecraft:open_chest":1,"minecraft:time_since_rest":76463,"minecraft:damage_taken":10,"minecraft:crouch_one_cm":2704,"minecraft:play_time":87398,"minecraft:deaths":1,"minecraft:sprint_one_cm":36177,"minecraft:walk_one_cm":56723,"minecraft:sneak_time":3109,"minecraft:jump":500,"minecraft:leave_game":6,"minecraft:time_since_death":78862,"minecraft:walk_on_water_one_cm":2152,"minecraft:total_world_time":87398,"minecraft:fall_one_cm":2833,"minecraft:fly_one_cm":671341},"minecraft:mined":{"minecraft:oak_log":1,"minecraft:dirt_path":3,"minecraft:sand":3,"minecraft:tall_grass":1},"minecraft:picked_up":{"minecraft:tnt":64,"immersive_aircraft:bomb_bay":1,"mca:comb":1,"mca:needle_and_thread":1,"minecraft:sand":3,"minecraft:oak_log":1,"minecraft:carrot":3,"minecraft:coal":63}},"DataVersion":3120}