{"stats":{"minecraft:mined":{"minecraft:oak_log":1,"minecraft:dirt_path":3,"minecraft:sand":3,"minecraft:tall_grass":1},"minecraft:picked_up":{"minecraft:tnt":64,"immersive_aircraft:bomb_bay":1,"mca:comb":1,"mca:needle_and_thread":1,"minecraft:sand":3,"minecraft:oak_log":1,"minecraft:coal":63},"minecraft:custom":{"minecraft:open_chest":1,"minecraft:time_since_rest":19050,"minecraft:crouch_one_cm":1187,"minecraft:walk_one_cm":26020,"minecraft:play_time":29985,"minecraft:sprint_one_cm":25243,"minecraft:damage_taken":10,"minecraft:deaths":1,"minecraft:sneak_time":1585,"minecraft:jump":419,"minecraft:leave_game":2,"minecraft:time_since_death":21449,"minecraft:total_world_time":29985,"minecraft:fall_one_cm":2833,"minecraft:fly_one_cm":443733},"minecraft:used":{"minecraft:sand":3,"minecraft:polished_granite":3,"minecraft:warped_planks":2}},"DataVersion":3120}