{"stats":{"minecraft:mined":{"minecraft:grass":8,"minecraft:sand":3,"minecraft:tall_grass":3},"minecraft:used":{"gothic:ice_golem_spawn_egg":1,"minecraft:peony":6,"securitycraft:trophy_system":1,"crittersandcompanions:dumbo_octopus_spawn_egg":6,"securitycraft:reinforced_spruce_slab":57,"gothic:harpie_dark_spawn_egg":1,"crittersandcompanions:ferret_spawn_egg":1,"securitycraft:security_camera":1,"minecraft:grass":21,"securitycraft:username_logger":1,"securitycraft:reinforced_stone_brick_wall":29,"crittersandcompanions:leaf_insect_spawn_egg":4,"cfm:dark_oak_upgraded_gate":1,"gothic:fire_golem_spawn_egg":1,"minecraft:allium":2,"gothic:bloodfly_hornet_spawn_egg":1,"gothic:dragon_snapper_spawn_egg":1,"easy_npc:humanoid_spawn_egg":1,"securitycraft:camera_monitor":1,"born_in_chaos_v1:soulbane":66,"minecraft:netherite_shovel":18,"minecraft:villager_spawn_egg":1,"minecraft:lantern":38,"minecraft:grass_block":337,"crittersandcompanions:shima_enaga_spawn_egg":1,"minecraft:stone_bricks":678,"securitycraft:laser_block":2,"immersive_aircraft:biplane":7,"minecraft:potato":13,"securitycraft:alarm":10,"securitycraft:inventory_scanner":2,"minecraft:dark_oak_stairs":32,"crittersandcompanions:koi_fish_spawn_egg":1,"securitycraft:reinforced_oak_wood":109,"easy_npc:zombie_horse_spawn_egg":1,"securitycraft:reinforced_stone_brick_slab":96,"securitycraft:netherrack_mine":3,"born_in_chaos_v1:hound_trap":1,"minecraft:sandstone":83,"undead_unleashed:moonlight_greatsword":8,"securitycraft:claymore":2,"minecraft:oak_leaves":305,"minecraft:golden_apple":30,"minecraft:sand":218,"securitycraft:reinforced_oak_slab":54,"immersive_paintings:graffiti":10,"securitycraft:blast_furnace_mine":6,"gothic:bloodfly_spawn_egg":1,"cfm:spruce_upgraded_fence":225,"gothic:war_cudgel":61,"undead_unleashed:cracked_shaded_bricks":2,"cfm:oak_upgraded_fence":168,"securitycraft:smart_module":2,"minecraft:deepslate":172,"mca:cross_headstone":6,"minecraft:chain":39,"securitycraft:briefcase":1,"gothic:stone_golem_spawn_egg":1,"minecraft:oak_fence":2,"minecraft:netherite_sword":27,"minecraft:white_tulip":2,"cfm:stripped_dark_oak_blinds":12,"gothic:razor_spawn_egg":1,"minecraft:spruce_planks":1,"born_in_chaos_v1:shell_mace":1,"securitycraft:ims":1,"crittersandcompanions:red_panda_spawn_egg":1,"minecraft:dirt":70,"crittersandcompanions:otter_spawn_egg":1,"gothic:torturers_axe":1,"gothic:stone_guardian_spawn_egg":1,"born_in_chaos_v1:supreme_measure":35,"minecraft:stone_brick_slab":54,"cfm:stripped_mangrove_bedside_cabinet":1,"minecraft:dark_oak_planks":71,"cfm:black_sofa":1,"gothic:shadowbeast_young_spawn_egg":1,"minecraft:oak_stairs":35,"cfm:mangrove_chair":5,"born_in_chaos_v1:nightmare_scythe":9,"gothic:lurker_spawn_egg":1,"minecraft:glowstone":11,"gothic:snapper_spawn_egg":1,"minecraft:cooked_beef":1,"securitycraft:bouncing_betty":1,"gothic:swamp_golem_spawn_egg":1,"mca:male_villager_spawn_egg":3,"minecraft:water_bucket":2,"securitycraft:projector":1,"mca:upright_headstone":2,"minecraft:dirt_path":1150,"gothic:field_raider_spawn_egg":1,"securitycraft:panic_button":7,"gothic:deepslate_golem_spawn_egg":1,"minecraft:deepslate_bricks":57,"securitycraft:redstone_module":1,"minecraft:oak_slab":393,"minecraft:campfire":25,"minecraft:white_bed":1,"minecraft:infested_stone_bricks":43,"cfm:spruce_upgraded_gate":2,"mca:golden_upright_headstone":1,"minecraft:oak_log":208,"mca:scythe":5,"minecraft:wooden_hoe":10,"minecraft:cornflower":5,"crittersandcompanions:dragonfly_spawn_egg":2,"man_of_many_planes:scarlet_biplane":3,"minecraft:spruce_trapdoor":45,"minecraft:jungle_door":2,"securitycraft:cage_trap":1,"minecraft:dandelion":5,"minecraft:splash_potion":26,"crittersandcompanions:sea_bunny_spawn_egg":6},"minecraft:dropped":{"mca:deepslate_slanted_headstone":1,"bossominium:the_golden_eye":1,"minecraft:cooked_beef":63,"minecraft:oak_log":1,"minecraft:diamond":126,"crittersandcompanions:ferret_spawn_egg":1,"immersive_aircraft:biplane":4,"crittersandcompanions:dumbo_octopus_spawn_egg":2,"mca:potion_of_masculinity":1,"minecraft:emerald":70,"minecraft:dirt":16,"securitycraft:trophy_system":1,"mca:cross_headstone":2,"born_in_chaos_v1:dark_metal_armor_chestplate":1,"bossominium:ruin_totem":1,"securitycraft:netherrack_mine":1,"minecraft:sand":21,"gothic:fire_golem_spawn_egg":1,"securitycraft:panic_button":1,"securitycraft:projector":1,"minecraft:gold_ingot":72,"minecraft:bone":5,"immersive_aircraft:bomb_bay":1,"bossominium:hells_fur":1,"minecraft:ancient_debris":3,"minecraft:diamond_block":64,"minecraft:golden_chestplate":2,"gothic:bloodfly_hornet_spawn_egg":1,"gothic:razor_spawn_egg":1,"minecraft:wheat":1,"minecraft:netherite_sword":1,"tombstone:impregnated_diamond":2,"securitycraft:taser":1,"gothic:stone_guardian_spawn_egg":1,"born_in_chaos_v1:dark_metal_armor_boots":1,"securitycraft:ims":1,"cfm:spruce_upgraded_fence":1,"minecraft:white_bed":1,"bossominium:ancient_scrap":1,"minecraft:infested_stone_bricks":1,"mca:engagement_ring":1,"gothic:bloodfly_spawn_egg":1,"gothic:field_raider_spawn_egg":1,"crittersandcompanions:koi_fish_spawn_egg":1,"gothic:snapper_spawn_egg":1,"gothic:gothic_wolf_spawn_egg":1,"undead_unleashed:cracked_shaded_bricks":62,"mca:book_infection":1,"crittersandcompanions:red_panda_spawn_egg":1,"securitycraft:camera_monitor":1,"born_in_chaos_v1:dark_metal_armor_helmet":1,"gothic:boar_spawn_egg":1,"crittersandcompanions:leaf_insect_spawn_egg":1,"mca:matchmakers_ring":4,"minecraft:splash_potion":1,"securitycraft:cage_trap":1,"gothic:deepslate_golem_spawn_egg":1,"minecraft:golden_boots":2,"mca:upright_headstone":1,"crittersandcompanions:otter_spawn_egg":1,"minecraft:wheat_seeds":12,"minecraft:golden_helmet":2,"gothic:war_cudgel":2,"securitycraft:security_camera":1,"securitycraft:claymore":1,"crittersandcompanions:shima_enaga_spawn_egg":1,"minecraft:oak_fence":1,"minecraft:feather":1,"minecraft:apple":1,"crittersandcompanions:dragonfly_wing":2,"minecraft:golden_apple":35,"gothic:dragon_snapper_spawn_egg":1,"bossominium:the_bossdexium":1,"mca:wedding_ring":1,"born_in_chaos_v1:soulbane":1,"cfm:spruce_upgraded_gate":1,"mca:book_romance":1,"gothic:shadowbeast_young_spawn_egg":1,"born_in_chaos_v1:river_mint":1,"tombstone:grave_key":1,"gothic:warg_spawn_egg":1,"securitycraft:username_logger":1,"gothic:bloodhound_spawn_egg":1,"born_in_chaos_v1:shell_mace":1,"minecraft:lily_pad":1,"gothic:lurker_spawn_egg":1,"gothic:torturers_axe":1,"securitycraft:blast_furnace_mine":1,"gothic:harpie_dark_spawn_egg":1,"born_in_chaos_v1:nightmare_scythe":1,"minecraft:deepslate":34,"born_in_chaos_v1:staffof_blindness":1,"crittersandcompanions:dragonfly_spawn_egg":1,"minecraft:villager_spawn_egg":1,"minecraft:name_tag":3,"mca:golden_upright_headstone":1,"securitycraft:motion_activated_light":1,"minecraft:dirt_path":1,"gothic:ice_wolf_spawn_egg":1,"crittersandcompanions:silk":1,"bossominium:dead_charm":3,"crittersandcompanions:sea_bunny_spawn_egg":2,"man_of_many_planes:scarlet_biplane":1,"minecraft:golden_leggings":2,"gothic:shadowbeast_spawn_egg":1,"minecraft:golden_sword":2,"mca:needle_and_thread":2,"undead_unleashed:moonlight_greatsword":1,"securitycraft:briefcase":1,"born_in_chaos_v1:dark_metal_armor_leggings":1,"minecraft:sandstone":17,"securitycraft:bouncing_betty":1,"born_in_chaos_v1:supreme_measure":1,"gothic:swamp_golem_spawn_egg":1,"securitycraft:sonic_security_system":1,"securitycraft:alarm":1,"securitycraft:retinal_scanner":1,"mca:civil_registry":1},"minecraft:killed":{"gothic:bloodfly_hornet":1,"crittersandcompanions:leaf_insect":1,"gothic:swamp_golem":1,"gothic:stone_guardian":1,"minecraft:skeleton":1,"bossominium:golden_ring_boss":1,"crittersandcompanions:sea_bunny":4,"gothic:ice_golem":1,"minecraft:creeper":1,"gothic:lurker":1,"gothic:snapper":1,"born_in_chaos_v1:corpse_fly":4,"mca:male_villager":7,"gothic:bloodfly":1,"crittersandcompanions:dumbo_octopus":3,"bossominium:hell_hound_boss":1,"gothic:harpie_dark":1,"gothic:deepslate_golem":1,"crittersandcompanions:dragonfly":2,"bossominium:morsemancer_boss":1,"crittersandcompanions:otter":2,"gothic:dragon_snapper":1,"gothic:razor":1,"crittersandcompanions:ferret":2,"crittersandcompanions:jumping_spider":1,"gothic:field_raider":1,"bossominium:ancient_remnant_boss":1,"gothic:scavenger_young":1,"crittersandcompanions:red_panda":2,"gothic:fire_golem":1,"bossominium:cursed_armor":1,"crittersandcompanions:shima_enaga":2,"mca:female_villager":2,"minecraft:villager":1,"gothic:shadowbeast_young":1},"minecraft:custom":{"minecraft:leave_game":9,"minecraft:time_since_death":84065,"minecraft:damage_resisted":888,"minecraft:sprint_one_cm":84463,"minecraft:drop":221,"minecraft:play_time":494905,"minecraft:deaths":2,"minecraft:jump":2430,"minecraft:walk_on_water_one_cm":6874,"minecraft:interact_with_furnace":1,"minecraft:sleep_in_bed":1,"minecraft:damage_dealt":22770,"minecraft:crouch_one_cm":20154,"tombstone:undead_killed":1,"tombstone:villager_killed":10,"minecraft:horse_one_cm":83840,"minecraft:mob_kills":57,"minecraft:interact_with_anvil":1,"minecraft:damage_dealt_resisted":243794,"minecraft:climb_one_cm":50,"minecraft:walk_one_cm":1012123,"minecraft:sneak_time":9006,"minecraft:walk_under_water_one_cm":24240,"minecraft:boat_one_cm":3507,"minecraft:total_world_time":494905,"minecraft:time_since_rest":83706,"minecraft:damage_taken":3000,"minecraft:damage_absorbed":1000,"minecraft:swim_one_cm":10346,"minecraft:fly_one_cm":2173202,"minecraft:open_chest":1,"minecraft:fall_one_cm":9883},"minecraft:picked_up":{"bossominium:ancient_scrap":1,"minecraft:wheat":59,"undead_unleashed:grave_metal_chestplate":1,"minecraft:golden_sword":2,"immersive_aircraft:bomb_bay":3,"mca:blueprint":1,"mca:engagement_ring":1,"immersive_armors:steampunk_chestplate":1,"born_in_chaos_v1:soulbane":1,"minecraft:golden_helmet":2,"tombstone:grave_dust":2,"minecraft:dirt_path":1,"minecraft:golden_chestplate":2,"securitycraft:blast_furnace_mine":1,"crittersandcompanions:dragonfly_wing":2,"gothic:torturers_axe":1,"minecraft:feather":1,"minecraft:cooked_beef":64,"minecraft:golden_leggings":2,"minecraft:potato":5,"born_in_chaos_v1:dark_metal_armor_chestplate":1,"minecraft:lantern":3,"minecraft:dirt":19,"gothic:war_cudgel":1,"minecraft:name_tag":3,"minecraft:bone":7,"minecraft:wheat_seeds":179,"immersive_paintings:graffiti":1,"undead_unleashed:grave_metal_helmet":1,"undead_unleashed:moonlight_greatsword":1,"mca:matchmakers_ring":2,"mca:comb":1,"mca:needle_and_thread":2,"immersive_armors:steampunk_boots":1,"minecraft:sand":17,"undead_unleashed:grave_metal_leggings":1,"born_in_chaos_v1:supreme_measure":1,"minecraft:diamond":72,"born_in_chaos_v1:nightmare_scythe":1,"minecraft:golden_apple":65,"minecraft:emerald":66,"mca:scythe":1,"mca:bouquet":2,"minecraft:azure_bluet":2,"born_in_chaos_v1:river_mint":1,"securitycraft:panic_button":1,"immersive_armors:steampunk_leggings":1,"minecraft:cornflower":2,"immersive_aircraft:biplane":2,"tombstone:impregnated_diamond":1,"mca:staff_of_life":1,"bossominium:hells_fur":1,"securitycraft:smart_module":2,"minecraft:poppy":1,"born_in_chaos_v1:hound_trap":1,"immersive_paintings:painting":1,"born_in_chaos_v1:dark_metal_armor_helmet":1,"minecraft:sandstone":16,"minecraft:stone":1,"bossominium:dead_charm":3,"immersive_aircraft:rotary_cannon":1,"minecraft:carrot":6,"minecraft:tnt":192,"minecraft:peony":11,"undead_unleashed:cracked_shaded_bricks":64,"crittersandcompanions:silk":1,"minecraft:saddle":1,"minecraft:gold_ingot":72,"minecraft:oxeye_daisy":4,"minecraft:ancient_debris":3,"minecraft:golden_boots":2,"minecraft:gunpowder":66,"born_in_chaos_v1:dark_metal_armor_leggings":1,"minecraft:apple":1,"undead_unleashed:grave_metal_boots":1,"immersive_armors:steampunk_helmet":1,"minecraft:dandelion":3,"born_in_chaos_v1:dark_metal_armor_boots":1,"mca:divorce_papers":1,"minecraft:white_bed":1,"bossominium:ruin_totem":1,"minecraft:coal":181,"bossominium:the_golden_eye":1}},"DataVersion":3120}