{"stats":{"minecraft:mined":{"minecraft:tall_grass":3,"minecraft:grass":8,"minecraft:sand":3},"minecraft:picked_up":{"bossominium:ancient_scrap":1,"minecraft:wheat":1,"born_in_chaos_v1:river_mint":1,"securitycraft:panic_button":1,"undead_unleashed:grave_metal_chestplate":1,"minecraft:golden_sword":2,"immersive_armors:steampunk_leggings":1,"immersive_aircraft:biplane":2,"immersive_aircraft:bomb_bay":3,"tombstone:impregnated_diamond":1,"mca:blueprint":1,"mca:staff_of_life":1,"mca:engagement_ring":1,"bossominium:hells_fur":1,"securitycraft:smart_module":2,"immersive_armors:steampunk_chestplate":1,"immersive_paintings:painting":1,"born_in_chaos_v1:soulbane":1,"born_in_chaos_v1:hound_trap":1,"minecraft:golden_helmet":2,"minecraft:sandstone":16,"born_in_chaos_v1:dark_metal_armor_helmet":1,"minecraft:stone":1,"bossominium:dead_charm":3,"immersive_aircraft:rotary_cannon":1,"tombstone:grave_dust":1,"minecraft:golden_chestplate":2,"securitycraft:blast_furnace_mine":1,"minecraft:tnt":192,"crittersandcompanions:dragonfly_wing":2,"gothic:torturers_axe":1,"undead_unleashed:cracked_shaded_bricks":64,"crittersandcompanions:silk":1,"minecraft:saddle":1,"minecraft:gold_ingot":72,"minecraft:feather":1,"minecraft:cooked_beef":64,"minecraft:golden_leggings":2,"born_in_chaos_v1:dark_metal_armor_chestplate":1,"minecraft:ancient_debris":3,"minecraft:golden_boots":2,"minecraft:gunpowder":64,"born_in_chaos_v1:dark_metal_armor_leggings":1,"minecraft:dirt":19,"gothic:war_cudgel":1,"minecraft:name_tag":3,"minecraft:bone":5,"minecraft:apple":1,"minecraft:wheat_seeds":9,"immersive_paintings:graffiti":1,"undead_unleashed:grave_metal_boots":1,"immersive_armors:steampunk_helmet":1,"undead_unleashed:grave_metal_helmet":1,"undead_unleashed:moonlight_greatsword":1,"mca:matchmakers_ring":2,"mca:comb":1,"born_in_chaos_v1:dark_metal_armor_boots":1,"mca:divorce_papers":1,"mca:needle_and_thread":2,"immersive_armors:steampunk_boots":1,"minecraft:sand":17,"undead_unleashed:grave_metal_leggings":1,"minecraft:white_bed":1,"bossominium:ruin_totem":1,"born_in_chaos_v1:supreme_measure":1,"minecraft:diamond":72,"born_in_chaos_v1:nightmare_scythe":1,"minecraft:golden_apple":65,"minecraft:emerald":66,"bossominium:the_golden_eye":1,"minecraft:coal":181,"mca:scythe":1,"mca:bouquet":2},"minecraft:custom":{"minecraft:mob_kills":23,"minecraft:interact_with_anvil":1,"minecraft:damage_dealt_resisted":337,"minecraft:leave_game":4,"minecraft:time_since_death":49999,"minecraft:climb_one_cm":50,"minecraft:damage_resisted":888,"minecraft:sprint_one_cm":49259,"minecraft:walk_one_cm":316196,"minecraft:drop":171,"minecraft:play_time":207927,"minecraft:deaths":1,"minecraft:sneak_time":2091,"minecraft:walk_under_water_one_cm":12080,"minecraft:boat_one_cm":3507,"minecraft:jump":1520,"minecraft:walk_on_water_one_cm":3163,"minecraft:total_world_time":207927,"minecraft:interact_with_furnace":1,"minecraft:sleep_in_bed":1,"minecraft:time_since_rest":47600,"minecraft:damage_taken":3000,"minecraft:damage_absorbed":1000,"minecraft:damage_dealt":12656,"minecraft:swim_one_cm":7859,"minecraft:fly_one_cm":1089243,"minecraft:crouch_one_cm":3759,"tombstone:villager_killed":6,"minecraft:fall_one_cm":8095,"minecraft:horse_one_cm":83840},"minecraft:killed":{"crittersandcompanions:dumbo_octopus":1,"bossominium:hell_hound_boss":1,"crittersandcompanions:dragonfly":1,"bossominium:morsemancer_boss":1,"crittersandcompanions:otter":1,"bossominium:golden_ring_boss":1,"crittersandcompanions:sea_bunny":2,"crittersandcompanions:ferret":1,"crittersandcompanions:jumping_spider":1,"bossominium:ancient_remnant_boss":1,"gothic:scavenger_young":1,"crittersandcompanions:red_panda":1,"bossominium:cursed_armor":1,"crittersandcompanions:shima_enaga":1,"mca:male_villager":4,"mca:female_villager":2},"minecraft:used":{"securitycraft:trophy_system":1,"securitycraft:security_camera":1,"securitycraft:username_logger":1,"securitycraft:ims":1,"gothic:torturers_axe":1,"born_in_chaos_v1:supreme_measure":5,"securitycraft:camera_monitor":1,"born_in_chaos_v1:soulbane":66,"born_in_chaos_v1:nightmare_scythe":9,"securitycraft:laser_block":2,"securitycraft:bouncing_betty":1,"minecraft:cooked_beef":1,"immersive_aircraft:biplane":7,"securitycraft:alarm":10,"securitycraft:inventory_scanner":2,"securitycraft:projector":1,"easy_npc:zombie_horse_spawn_egg":1,"securitycraft:netherrack_mine":3,"born_in_chaos_v1:hound_trap":1,"securitycraft:panic_button":7,"minecraft:sandstone":83,"undead_unleashed:moonlight_greatsword":8,"securitycraft:claymore":2,"minecraft:golden_apple":30,"minecraft:sand":118,"securitycraft:redstone_module":1,"minecraft:white_bed":1,"immersive_paintings:graffiti":8,"securitycraft:blast_furnace_mine":6,"mca:scythe":5,"gothic:war_cudgel":36,"man_of_many_planes:scarlet_biplane":3,"undead_unleashed:cracked_shaded_bricks":2,"securitycraft:smart_module":2,"minecraft:deepslate":172,"mca:cross_headstone":1,"securitycraft:cage_trap":1,"securitycraft:briefcase":1,"minecraft:splash_potion":2},"minecraft:dropped":{"minecraft:golden_boots":2,"bossominium:the_golden_eye":1,"minecraft:wheat_seeds":9,"minecraft:golden_helmet":2,"minecraft:cooked_beef":63,"minecraft:diamond":126,"gothic:war_cudgel":1,"immersive_aircraft:biplane":3,"securitycraft:security_camera":1,"securitycraft:claymore":1,"minecraft:feather":1,"minecraft:apple":1,"crittersandcompanions:dragonfly_wing":2,"minecraft:golden_apple":35,"bossominium:the_bossdexium":1,"mca:potion_of_masculinity":1,"minecraft:emerald":70,"mca:wedding_ring":1,"born_in_chaos_v1:soulbane":1,"minecraft:dirt":16,"securitycraft:trophy_system":1,"mca:book_romance":1,"mca:cross_headstone":1,"born_in_chaos_v1:river_mint":1,"born_in_chaos_v1:dark_metal_armor_chestplate":1,"tombstone:grave_key":1,"bossominium:ruin_totem":1,"securitycraft:username_logger":1,"securitycraft:netherrack_mine":1,"minecraft:sand":21,"securitycraft:panic_button":1,"securitycraft:projector":1,"gothic:torturers_axe":1,"securitycraft:blast_furnace_mine":1,"minecraft:gold_ingot":72,"minecraft:bone":5,"immersive_aircraft:bomb_bay":1,"born_in_chaos_v1:nightmare_scythe":1,"bossominium:hells_fur":1,"minecraft:ancient_debris":3,"minecraft:diamond_block":64,"minecraft:golden_chestplate":2,"minecraft:deepslate":34,"tombstone:impregnated_diamond":2,"minecraft:wheat":1,"securitycraft:taser":1,"minecraft:name_tag":3,"born_in_chaos_v1:dark_metal_armor_boots":1,"securitycraft:motion_activated_light":1,"securitycraft:ims":1,"minecraft:white_bed":1,"bossominium:ancient_scrap":1,"mca:engagement_ring":1,"crittersandcompanions:silk":1,"bossominium:dead_charm":3,"man_of_many_planes:scarlet_biplane":1,"undead_unleashed:cracked_shaded_bricks":62,"minecraft:golden_leggings":2,"mca:needle_and_thread":2,"minecraft:golden_sword":2,"mca:book_infection":1,"undead_unleashed:moonlight_greatsword":1,"securitycraft:briefcase":1,"born_in_chaos_v1:dark_metal_armor_leggings":1,"securitycraft:camera_monitor":1,"minecraft:sandstone":17,"securitycraft:bouncing_betty":1,"born_in_chaos_v1:dark_metal_armor_helmet":1,"born_in_chaos_v1:supreme_measure":1,"securitycraft:sonic_security_system":1,"mca:matchmakers_ring":4,"securitycraft:alarm":1,"minecraft:splash_potion":1,"securitycraft:retinal_scanner":1,"mca:civil_registry":1,"securitycraft:cage_trap":1}},"DataVersion":3120}