{"stats":{"minecraft:mined":{"minecraft:tall_grass":3,"minecraft:grass":8,"minecraft:sand":3},"minecraft:picked_up":{"bossominium:ancient_scrap":1,"minecraft:feather":1,"minecraft:cooked_beef":64,"born_in_chaos_v1:river_mint":1,"minecraft:golden_leggings":2,"undead_unleashed:grave_metal_chestplate":1,"born_in_chaos_v1:dark_metal_armor_chestplate":1,"minecraft:ancient_debris":3,"minecraft:golden_boots":2,"minecraft:golden_sword":2,"born_in_chaos_v1:dark_metal_armor_leggings":1,"gothic:war_cudgel":1,"immersive_aircraft:biplane":1,"immersive_aircraft:bomb_bay":1,"tombstone:impregnated_diamond":1,"minecraft:bone":5,"minecraft:wheat_seeds":6,"mca:engagement_ring":1,"bossominium:hells_fur":1,"undead_unleashed:grave_metal_boots":1,"born_in_chaos_v1:hound_trap":1,"born_in_chaos_v1:soulbane":1,"undead_unleashed:grave_metal_helmet":1,"undead_unleashed:moonlight_greatsword":1,"minecraft:golden_helmet":2,"born_in_chaos_v1:dark_metal_armor_helmet":1,"bossominium:dead_charm":3,"born_in_chaos_v1:dark_metal_armor_boots":1,"undead_unleashed:grave_metal_leggings":1,"minecraft:white_bed":1,"minecraft:golden_chestplate":2,"minecraft:tnt":128,"born_in_chaos_v1:supreme_measure":1,"crittersandcompanions:dragonfly_wing":2,"minecraft:diamond":72,"gothic:torturers_axe":1,"born_in_chaos_v1:nightmare_scythe":1,"undead_unleashed:cracked_shaded_bricks":64,"crittersandcompanions:silk":1,"minecraft:golden_apple":64,"minecraft:gold_ingot":72,"minecraft:emerald":66,"minecraft:coal":125,"bossominium:the_golden_eye":1},"minecraft:killed":{"crittersandcompanions:dumbo_octopus":1,"bossominium:hell_hound_boss":1,"crittersandcompanions:sea_bunny":2,"crittersandcompanions:ferret":1,"crittersandcompanions:jumping_spider":1,"crittersandcompanions:dragonfly":1,"bossominium:ancient_remnant_boss":1,"bossominium:morsemancer_boss":1,"gothic:scavenger_young":1,"crittersandcompanions:red_panda":1,"bossominium:cursed_armor":1,"crittersandcompanions:shima_enaga":1,"mca:male_villager":2,"crittersandcompanions:otter":1,"bossominium:golden_ring_boss":1,"mca:female_villager":2},"minecraft:custom":{"minecraft:interact_with_furnace":1,"minecraft:mob_kills":20,"minecraft:damage_dealt_resisted":337,"minecraft:leave_game":1,"minecraft:time_since_death":93832,"minecraft:sleep_in_bed":1,"minecraft:damage_resisted":888,"minecraft:time_since_rest":19455,"minecraft:damage_absorbed":1000,"minecraft:damage_taken":2800,"minecraft:sprint_one_cm":21119,"minecraft:walk_one_cm":167094,"minecraft:drop":67,"minecraft:damage_dealt":12146,"minecraft:swim_one_cm":5485,"minecraft:fly_one_cm":413186,"minecraft:play_time":93832,"minecraft:crouch_one_cm":1421,"minecraft:sneak_time":617,"minecraft:walk_under_water_one_cm":2176,"tombstone:villager_killed":4,"minecraft:jump":532,"minecraft:walk_on_water_one_cm":683,"minecraft:total_world_time":93832,"minecraft:fall_one_cm":8095},"minecraft:used":{"born_in_chaos_v1:hound_trap":1,"undead_unleashed:moonlight_greatsword":8,"minecraft:golden_apple":30,"gothic:torturers_axe":1,"minecraft:white_bed":1,"born_in_chaos_v1:supreme_measure":5,"born_in_chaos_v1:soulbane":66,"man_of_many_planes:scarlet_biplane":1,"gothic:war_cudgel":36,"undead_unleashed:cracked_shaded_bricks":2,"born_in_chaos_v1:nightmare_scythe":9,"minecraft:deepslate":172,"immersive_aircraft:biplane":3,"minecraft:cooked_beef":1},"minecraft:dropped":{"minecraft:golden_boots":2,"bossominium:hells_fur":1,"minecraft:wheat_seeds":6,"minecraft:ancient_debris":3,"bossominium:the_golden_eye":1,"minecraft:golden_helmet":2,"minecraft:cooked_beef":63,"minecraft:golden_chestplate":2,"minecraft:diamond":64,"minecraft:deepslate":34,"gothic:war_cudgel":1,"tombstone:impregnated_diamond":1,"minecraft:feather":1,"crittersandcompanions:dragonfly_wing":2,"born_in_chaos_v1:dark_metal_armor_boots":1,"minecraft:white_bed":1,"bossominium:ancient_scrap":1,"minecraft:golden_apple":34,"mca:engagement_ring":1,"crittersandcompanions:silk":1,"bossominium:the_bossdexium":1,"mca:wedding_ring":1,"minecraft:emerald":70,"born_in_chaos_v1:soulbane":1,"bossominium:dead_charm":3,"mca:book_romance":1,"born_in_chaos_v1:river_mint":1,"born_in_chaos_v1:dark_metal_armor_chestplate":1,"undead_unleashed:cracked_shaded_bricks":62,"minecraft:golden_leggings":2,"minecraft:golden_sword":2,"undead_unleashed:moonlight_greatsword":1,"born_in_chaos_v1:dark_metal_armor_leggings":1,"born_in_chaos_v1:dark_metal_armor_helmet":1,"born_in_chaos_v1:supreme_measure":1,"gothic:torturers_axe":1,"minecraft:gold_ingot":72,"minecraft:bone":5,"born_in_chaos_v1:nightmare_scythe":1}},"DataVersion":3120}