{"stats":{"minecraft:used":{"minecraft:oak_fence":1,"securitycraft:trophy_system":1,"minecraft:netherite_sword":19,"securitycraft:reinforced_spruce_slab":57,"minecraft:white_tulip":2,"cfm:stripped_dark_oak_blinds":12,"minecraft:spruce_planks":1,"securitycraft:security_camera":1,"minecraft:grass":21,"securitycraft:username_logger":1,"securitycraft:ims":1,"securitycraft:reinforced_stone_brick_wall":29,"minecraft:dirt":70,"gothic:torturers_axe":1,"minecraft:allium":2,"born_in_chaos_v1:supreme_measure":5,"minecraft:dark_oak_planks":71,"cfm:stripped_mangrove_bedside_cabinet":1,"born_in_chaos_v1:soulbane":66,"securitycraft:camera_monitor":1,"minecraft:stone_brick_slab":54,"cfm:black_sofa":1,"minecraft:netherite_shovel":18,"minecraft:villager_spawn_egg":1,"minecraft:lantern":5,"minecraft:grass_block":121,"minecraft:oak_stairs":35,"cfm:mangrove_chair":5,"born_in_chaos_v1:nightmare_scythe":9,"minecraft:stone_bricks":400,"minecraft:glowstone":11,"securitycraft:laser_block":2,"securitycraft:bouncing_betty":1,"minecraft:potato":13,"immersive_aircraft:biplane":7,"minecraft:cooked_beef":1,"securitycraft:alarm":10,"securitycraft:inventory_scanner":2,"mca:male_villager_spawn_egg":3,"minecraft:dark_oak_stairs":32,"minecraft:water_bucket":2,"securitycraft:projector":1,"mca:upright_headstone":2,"minecraft:dirt_path":651,"securitycraft:reinforced_oak_wood":109,"securitycraft:reinforced_stone_brick_slab":96,"easy_npc:zombie_horse_spawn_egg":1,"securitycraft:netherrack_mine":3,"born_in_chaos_v1:hound_trap":1,"securitycraft:panic_button":7,"minecraft:sandstone":83,"undead_unleashed:moonlight_greatsword":8,"securitycraft:claymore":2,"minecraft:oak_leaves":305,"minecraft:golden_apple":30,"minecraft:sand":218,"securitycraft:redstone_module":1,"minecraft:oak_slab":180,"minecraft:white_bed":1,"minecraft:campfire":25,"minecraft:infested_stone_bricks":43,"securitycraft:reinforced_oak_slab":54,"immersive_paintings:graffiti":10,"mca:golden_upright_headstone":1,"securitycraft:blast_furnace_mine":6,"minecraft:oak_log":181,"mca:scythe":5,"cfm:spruce_upgraded_fence":36,"minecraft:wooden_hoe":10,"minecraft:cornflower":5,"man_of_many_planes:scarlet_biplane":3,"gothic:war_cudgel":36,"undead_unleashed:cracked_shaded_bricks":2,"cfm:oak_upgraded_fence":62,"minecraft:spruce_trapdoor":45,"securitycraft:smart_module":2,"minecraft:deepslate":172,"mca:cross_headstone":6,"minecraft:jungle_door":2,"securitycraft:cage_trap":1,"minecraft:chain":7,"securitycraft:briefcase":1,"minecraft:dandelion":5,"minecraft:splash_potion":26},"minecraft:custom":{"minecraft:interact_with_anvil":1,"minecraft:mob_kills":29,"minecraft:damage_dealt_resisted":337,"minecraft:leave_game":8,"minecraft:time_since_death":208399,"minecraft:damage_resisted":888,"minecraft:climb_one_cm":50,"minecraft:walk_one_cm":788076,"minecraft:sprint_one_cm":68636,"minecraft:drop":182,"minecraft:play_time":366327,"minecraft:deaths":1,"minecraft:sneak_time":4746,"minecraft:walk_under_water_one_cm":17004,"minecraft:boat_one_cm":3507,"minecraft:jump":2109,"minecraft:walk_on_water_one_cm":5072,"minecraft:total_world_time":366327,"minecraft:interact_with_furnace":1,"minecraft:sleep_in_bed":1,"minecraft:time_since_rest":206000,"minecraft:damage_taken":3000,"minecraft:damage_absorbed":1000,"minecraft:damage_dealt":13706,"minecraft:swim_one_cm":7859,"minecraft:fly_one_cm":1718479,"minecraft:crouch_one_cm":7572,"minecraft:open_chest":1,"tombstone:undead_killed":1,"tombstone:villager_killed":10,"minecraft:fall_one_cm":8095,"minecraft:horse_one_cm":83840},"minecraft:dropped":{"minecraft:golden_boots":2,"mca:upright_headstone":1,"mca:deepslate_slanted_headstone":1,"bossominium:the_golden_eye":1,"minecraft:wheat_seeds":10,"minecraft:golden_helmet":2,"minecraft:cooked_beef":63,"minecraft:oak_log":1,"minecraft:diamond":126,"gothic:war_cudgel":1,"immersive_aircraft:biplane":4,"securitycraft:security_camera":1,"securitycraft:claymore":1,"minecraft:feather":1,"minecraft:apple":1,"crittersandcompanions:dragonfly_wing":2,"bossominium:the_bossdexium":1,"minecraft:golden_apple":35,"minecraft:emerald":70,"mca:potion_of_masculinity":1,"mca:wedding_ring":1,"minecraft:dirt":16,"born_in_chaos_v1:soulbane":1,"securitycraft:trophy_system":1,"mca:book_romance":1,"mca:cross_headstone":2,"born_in_chaos_v1:river_mint":1,"born_in_chaos_v1:dark_metal_armor_chestplate":1,"tombstone:grave_key":1,"bossominium:ruin_totem":1,"securitycraft:username_logger":1,"securitycraft:netherrack_mine":1,"minecraft:sand":21,"securitycraft:panic_button":1,"securitycraft:projector":1,"gothic:torturers_axe":1,"securitycraft:blast_furnace_mine":1,"minecraft:gold_ingot":72,"minecraft:bone":5,"born_in_chaos_v1:nightmare_scythe":1,"immersive_aircraft:bomb_bay":1,"bossominium:hells_fur":1,"minecraft:ancient_debris":3,"minecraft:diamond_block":64,"minecraft:golden_chestplate":2,"minecraft:deepslate":34,"minecraft:netherite_sword":1,"tombstone:impregnated_diamond":2,"minecraft:wheat":1,"securitycraft:taser":1,"minecraft:villager_spawn_egg":1,"mca:golden_upright_headstone":1,"minecraft:name_tag":3,"born_in_chaos_v1:dark_metal_armor_boots":1,"securitycraft:motion_activated_light":1,"securitycraft:ims":1,"minecraft:white_bed":1,"minecraft:dirt_path":1,"bossominium:ancient_scrap":1,"minecraft:infested_stone_bricks":1,"mca:engagement_ring":1,"crittersandcompanions:silk":1,"bossominium:dead_charm":3,"man_of_many_planes:scarlet_biplane":1,"undead_unleashed:cracked_shaded_bricks":62,"minecraft:golden_leggings":2,"minecraft:golden_sword":2,"mca:needle_and_thread":2,"mca:book_infection":1,"undead_unleashed:moonlight_greatsword":1,"securitycraft:briefcase":1,"born_in_chaos_v1:dark_metal_armor_leggings":1,"securitycraft:camera_monitor":1,"minecraft:sandstone":17,"securitycraft:bouncing_betty":1,"born_in_chaos_v1:dark_metal_armor_helmet":1,"born_in_chaos_v1:supreme_measure":1,"securitycraft:sonic_security_system":1,"mca:matchmakers_ring":4,"securitycraft:alarm":1,"minecraft:splash_potion":1,"securitycraft:retinal_scanner":1,"mca:civil_registry":1,"securitycraft:cage_trap":1},"minecraft:mined":{"minecraft:tall_grass":3,"minecraft:grass":8,"minecraft:sand":3},"minecraft:killed":{"crittersandcompanions:dumbo_octopus":1,"bossominium:hell_hound_boss":1,"crittersandcompanions:dragonfly":1,"bossominium:morsemancer_boss":1,"minecraft:skeleton":1,"crittersandcompanions:otter":1,"bossominium:golden_ring_boss":1,"crittersandcompanions:sea_bunny":2,"crittersandcompanions:ferret":1,"crittersandcompanions:jumping_spider":1,"minecraft:creeper":1,"bossominium:ancient_remnant_boss":1,"gothic:scavenger_young":1,"crittersandcompanions:red_panda":1,"bossominium:cursed_armor":1,"crittersandcompanions:shima_enaga":1,"mca:male_villager":7,"mca:female_villager":2,"minecraft:villager":1},"minecraft:picked_up":{"bossominium:ancient_scrap":1,"minecraft:wheat":56,"minecraft:azure_bluet":2,"born_in_chaos_v1:river_mint":1,"securitycraft:panic_button":1,"undead_unleashed:grave_metal_chestplate":1,"minecraft:golden_sword":2,"immersive_armors:steampunk_leggings":1,"minecraft:cornflower":1,"immersive_aircraft:biplane":2,"immersive_aircraft:bomb_bay":3,"tombstone:impregnated_diamond":1,"mca:blueprint":1,"mca:staff_of_life":1,"mca:engagement_ring":1,"bossominium:hells_fur":1,"securitycraft:smart_module":2,"minecraft:poppy":1,"immersive_armors:steampunk_chestplate":1,"born_in_chaos_v1:hound_trap":1,"born_in_chaos_v1:soulbane":1,"immersive_paintings:painting":1,"minecraft:golden_helmet":2,"minecraft:sandstone":16,"minecraft:stone":1,"born_in_chaos_v1:dark_metal_armor_helmet":1,"bossominium:dead_charm":3,"immersive_aircraft:rotary_cannon":1,"tombstone:grave_dust":2,"minecraft:dirt_path":1,"minecraft:carrot":6,"minecraft:golden_chestplate":2,"minecraft:tnt":192,"securitycraft:blast_furnace_mine":1,"crittersandcompanions:dragonfly_wing":2,"gothic:torturers_axe":1,"undead_unleashed:cracked_shaded_bricks":64,"crittersandcompanions:silk":1,"minecraft:saddle":1,"minecraft:gold_ingot":72,"minecraft:oxeye_daisy":1,"minecraft:feather":1,"minecraft:cooked_beef":64,"minecraft:golden_leggings":2,"minecraft:potato":5,"born_in_chaos_v1:dark_metal_armor_chestplate":1,"minecraft:ancient_debris":3,"minecraft:golden_boots":2,"minecraft:gunpowder":66,"born_in_chaos_v1:dark_metal_armor_leggings":1,"minecraft:dirt":19,"gothic:war_cudgel":1,"minecraft:lantern":1,"minecraft:name_tag":3,"minecraft:bone":7,"minecraft:apple":1,"minecraft:wheat_seeds":169,"immersive_paintings:graffiti":1,"undead_unleashed:grave_metal_boots":1,"immersive_armors:steampunk_helmet":1,"undead_unleashed:grave_metal_helmet":1,"undead_unleashed:moonlight_greatsword":1,"mca:matchmakers_ring":2,"mca:comb":1,"minecraft:dandelion":3,"born_in_chaos_v1:dark_metal_armor_boots":1,"mca:divorce_papers":1,"mca:needle_and_thread":2,"immersive_armors:steampunk_boots":1,"undead_unleashed:grave_metal_leggings":1,"minecraft:sand":17,"minecraft:white_bed":1,"bossominium:ruin_totem":1,"born_in_chaos_v1:supreme_measure":1,"minecraft:diamond":72,"born_in_chaos_v1:nightmare_scythe":1,"minecraft:golden_apple":65,"minecraft:emerald":66,"bossominium:the_golden_eye":1,"minecraft:coal":181,"mca:scythe":1,"mca:bouquet":2}},"DataVersion":3120}