{"stats":{"minecraft:used":{"minecraft:peony":6,"minecraft:oak_fence":2,"securitycraft:trophy_system":1,"crittersandcompanions:dumbo_octopus_spawn_egg":6,"minecraft:netherite_sword":27,"securitycraft:reinforced_spruce_slab":57,"minecraft:white_tulip":2,"gothic:harpie_dark_spawn_egg":1,"cfm:stripped_dark_oak_blinds":12,"crittersandcompanions:ferret_spawn_egg":1,"gothic:razor_spawn_egg":1,"minecraft:spruce_planks":1,"born_in_chaos_v1:shell_mace":1,"securitycraft:security_camera":1,"minecraft:grass":21,"securitycraft:username_logger":1,"securitycraft:ims":1,"cfm:dark_oak_upgraded_gate":1,"crittersandcompanions:red_panda_spawn_egg":1,"securitycraft:reinforced_stone_brick_wall":29,"minecraft:dirt":70,"crittersandcompanions:leaf_insect_spawn_egg":4,"crittersandcompanions:otter_spawn_egg":1,"gothic:torturers_axe":1,"gothic:fire_golem_spawn_egg":1,"minecraft:allium":2,"gothic:dragon_snapper_spawn_egg":1,"gothic:bloodfly_hornet_spawn_egg":1,"gothic:stone_guardian_spawn_egg":1,"born_in_chaos_v1:supreme_measure":35,"minecraft:dark_oak_planks":71,"cfm:stripped_mangrove_bedside_cabinet":1,"born_in_chaos_v1:soulbane":66,"securitycraft:camera_monitor":1,"minecraft:stone_brick_slab":54,"cfm:black_sofa":1,"minecraft:netherite_shovel":18,"minecraft:villager_spawn_egg":1,"gothic:shadowbeast_young_spawn_egg":1,"minecraft:lantern":38,"minecraft:grass_block":134,"minecraft:oak_stairs":35,"cfm:mangrove_chair":5,"crittersandcompanions:shima_enaga_spawn_egg":1,"born_in_chaos_v1:nightmare_scythe":9,"minecraft:stone_bricks":432,"gothic:lurker_spawn_egg":1,"minecraft:glowstone":11,"gothic:snapper_spawn_egg":1,"securitycraft:laser_block":2,"securitycraft:bouncing_betty":1,"minecraft:potato":13,"immersive_aircraft:biplane":7,"minecraft:cooked_beef":1,"securitycraft:alarm":10,"gothic:swamp_golem_spawn_egg":1,"securitycraft:inventory_scanner":2,"crittersandcompanions:koi_fish_spawn_egg":1,"mca:male_villager_spawn_egg":3,"minecraft:dark_oak_stairs":32,"minecraft:water_bucket":2,"securitycraft:projector":1,"mca:upright_headstone":2,"minecraft:dirt_path":746,"gothic:field_raider_spawn_egg":1,"securitycraft:reinforced_oak_wood":109,"securitycraft:reinforced_stone_brick_slab":96,"easy_npc:zombie_horse_spawn_egg":1,"securitycraft:netherrack_mine":3,"born_in_chaos_v1:hound_trap":1,"securitycraft:panic_button":7,"minecraft:sandstone":83,"gothic:deepslate_golem_spawn_egg":1,"undead_unleashed:moonlight_greatsword":8,"securitycraft:claymore":2,"minecraft:deepslate_bricks":55,"minecraft:oak_leaves":305,"minecraft:golden_apple":30,"minecraft:sand":218,"securitycraft:redstone_module":1,"minecraft:oak_slab":270,"minecraft:white_bed":1,"minecraft:campfire":25,"minecraft:infested_stone_bricks":43,"securitycraft:reinforced_oak_slab":54,"cfm:spruce_upgraded_gate":2,"immersive_paintings:graffiti":10,"mca:golden_upright_headstone":1,"securitycraft:blast_furnace_mine":6,"minecraft:oak_log":208,"mca:scythe":5,"gothic:bloodfly_spawn_egg":1,"cfm:spruce_upgraded_fence":225,"minecraft:wooden_hoe":10,"crittersandcompanions:dragonfly_spawn_egg":2,"minecraft:cornflower":5,"man_of_many_planes:scarlet_biplane":3,"gothic:war_cudgel":61,"undead_unleashed:cracked_shaded_bricks":2,"cfm:oak_upgraded_fence":86,"minecraft:spruce_trapdoor":45,"securitycraft:smart_module":2,"minecraft:deepslate":172,"mca:cross_headstone":6,"minecraft:jungle_door":2,"securitycraft:cage_trap":1,"minecraft:chain":39,"crittersandcompanions:sea_bunny_spawn_egg":6,"securitycraft:briefcase":1,"gothic:stone_golem_spawn_egg":1,"minecraft:dandelion":5,"gothic:ice_golem_spawn_egg":1,"minecraft:splash_potion":26},"minecraft:custom":{"minecraft:interact_with_anvil":1,"minecraft:mob_kills":57,"minecraft:damage_dealt_resisted":243794,"minecraft:leave_game":8,"minecraft:time_since_death":3487,"minecraft:damage_resisted":888,"minecraft:climb_one_cm":50,"minecraft:walk_one_cm":864557,"minecraft:sprint_one_cm":78704,"minecraft:drop":221,"minecraft:play_time":414327,"minecraft:deaths":2,"minecraft:sneak_time":8191,"minecraft:walk_under_water_one_cm":24240,"minecraft:boat_one_cm":3507,"minecraft:jump":2277,"minecraft:walk_on_water_one_cm":6783,"minecraft:total_world_time":414327,"minecraft:interact_with_furnace":1,"minecraft:sleep_in_bed":1,"minecraft:time_since_rest":3128,"minecraft:damage_taken":3000,"minecraft:damage_absorbed":1000,"minecraft:damage_dealt":22760,"minecraft:swim_one_cm":10346,"minecraft:fly_one_cm":1917825,"minecraft:crouch_one_cm":18638,"minecraft:open_chest":1,"tombstone:undead_killed":1,"tombstone:villager_killed":10,"minecraft:fall_one_cm":9883,"minecraft:horse_one_cm":83840},"minecraft:dropped":{"minecraft:golden_boots":2,"mca:upright_headstone":1,"crittersandcompanions:otter_spawn_egg":1,"mca:deepslate_slanted_headstone":1,"bossominium:the_golden_eye":1,"minecraft:wheat_seeds":12,"minecraft:golden_helmet":2,"minecraft:cooked_beef":63,"minecraft:oak_log":1,"minecraft:diamond":126,"crittersandcompanions:ferret_spawn_egg":1,"gothic:war_cudgel":2,"immersive_aircraft:biplane":4,"securitycraft:security_camera":1,"securitycraft:claymore":1,"crittersandcompanions:dumbo_octopus_spawn_egg":2,"crittersandcompanions:shima_enaga_spawn_egg":1,"minecraft:oak_fence":1,"minecraft:feather":1,"minecraft:apple":1,"crittersandcompanions:dragonfly_wing":2,"cfm:spruce_upgraded_gate":1,"gothic:dragon_snapper_spawn_egg":1,"bossominium:the_bossdexium":1,"minecraft:golden_apple":35,"minecraft:emerald":70,"mca:potion_of_masculinity":1,"mca:wedding_ring":1,"minecraft:dirt":16,"born_in_chaos_v1:soulbane":1,"securitycraft:trophy_system":1,"mca:book_romance":1,"mca:cross_headstone":2,"gothic:shadowbeast_young_spawn_egg":1,"born_in_chaos_v1:river_mint":1,"born_in_chaos_v1:dark_metal_armor_chestplate":1,"tombstone:grave_key":1,"gothic:warg_spawn_egg":1,"bossominium:ruin_totem":1,"gothic:bloodhound_spawn_egg":1,"securitycraft:username_logger":1,"securitycraft:netherrack_mine":1,"minecraft:sand":21,"gothic:fire_golem_spawn_egg":1,"born_in_chaos_v1:shell_mace":1,"securitycraft:panic_button":1,"minecraft:lily_pad":1,"gothic:lurker_spawn_egg":1,"securitycraft:projector":1,"gothic:torturers_axe":1,"gothic:harpie_dark_spawn_egg":1,"securitycraft:blast_furnace_mine":1,"minecraft:gold_ingot":72,"minecraft:bone":5,"born_in_chaos_v1:nightmare_scythe":1,"immersive_aircraft:bomb_bay":1,"bossominium:hells_fur":1,"minecraft:ancient_debris":3,"minecraft:diamond_block":64,"minecraft:golden_chestplate":2,"gothic:bloodfly_hornet_spawn_egg":1,"gothic:razor_spawn_egg":1,"minecraft:deepslate":34,"born_in_chaos_v1:staffof_blindness":1,"minecraft:netherite_sword":1,"tombstone:impregnated_diamond":2,"minecraft:wheat":1,"crittersandcompanions:dragonfly_spawn_egg":1,"securitycraft:taser":1,"minecraft:villager_spawn_egg":1,"gothic:stone_guardian_spawn_egg":1,"mca:golden_upright_headstone":1,"minecraft:name_tag":3,"born_in_chaos_v1:dark_metal_armor_boots":1,"securitycraft:motion_activated_light":1,"securitycraft:ims":1,"cfm:spruce_upgraded_fence":1,"minecraft:white_bed":1,"minecraft:dirt_path":1,"gothic:ice_wolf_spawn_egg":1,"bossominium:ancient_scrap":1,"minecraft:infested_stone_bricks":1,"mca:engagement_ring":1,"crittersandcompanions:silk":1,"bossominium:dead_charm":3,"gothic:bloodfly_spawn_egg":1,"crittersandcompanions:sea_bunny_spawn_egg":2,"gothic:field_raider_spawn_egg":1,"crittersandcompanions:koi_fish_spawn_egg":1,"gothic:snapper_spawn_egg":1,"man_of_many_planes:scarlet_biplane":1,"gothic:gothic_wolf_spawn_egg":1,"undead_unleashed:cracked_shaded_bricks":62,"minecraft:golden_leggings":2,"gothic:shadowbeast_spawn_egg":1,"minecraft:golden_sword":2,"mca:needle_and_thread":2,"mca:book_infection":1,"undead_unleashed:moonlight_greatsword":1,"securitycraft:briefcase":1,"crittersandcompanions:red_panda_spawn_egg":1,"born_in_chaos_v1:dark_metal_armor_leggings":1,"securitycraft:camera_monitor":1,"minecraft:sandstone":17,"securitycraft:bouncing_betty":1,"born_in_chaos_v1:dark_metal_armor_helmet":1,"born_in_chaos_v1:supreme_measure":1,"crittersandcompanions:leaf_insect_spawn_egg":1,"gothic:boar_spawn_egg":1,"gothic:swamp_golem_spawn_egg":1,"securitycraft:sonic_security_system":1,"mca:matchmakers_ring":4,"gothic:deepslate_golem_spawn_egg":1,"securitycraft:alarm":1,"minecraft:splash_potion":1,"securitycraft:retinal_scanner":1,"mca:civil_registry":1,"securitycraft:cage_trap":1},"minecraft:mined":{"minecraft:tall_grass":3,"minecraft:grass":8,"minecraft:sand":3},"minecraft:killed":{"crittersandcompanions:dumbo_octopus":3,"bossominium:hell_hound_boss":1,"gothic:harpie_dark":1,"gothic:bloodfly_hornet":1,"crittersandcompanions:leaf_insect":1,"gothic:swamp_golem":1,"gothic:stone_guardian":1,"gothic:deepslate_golem":1,"crittersandcompanions:dragonfly":2,"bossominium:morsemancer_boss":1,"minecraft:skeleton":1,"crittersandcompanions:otter":2,"gothic:dragon_snapper":1,"bossominium:golden_ring_boss":1,"gothic:razor":1,"crittersandcompanions:sea_bunny":4,"crittersandcompanions:ferret":2,"crittersandcompanions:jumping_spider":1,"gothic:ice_golem":1,"gothic:field_raider":1,"gothic:lurker":1,"minecraft:creeper":1,"bossominium:ancient_remnant_boss":1,"gothic:scavenger_young":1,"gothic:snapper":1,"crittersandcompanions:red_panda":2,"born_in_chaos_v1:corpse_fly":4,"gothic:fire_golem":1,"bossominium:cursed_armor":1,"crittersandcompanions:shima_enaga":2,"mca:male_villager":7,"mca:female_villager":2,"gothic:bloodfly":1,"gothic:shadowbeast_young":1,"minecraft:villager":1},"minecraft:picked_up":{"bossominium:ancient_scrap":1,"minecraft:wheat":57,"minecraft:azure_bluet":2,"born_in_chaos_v1:river_mint":1,"securitycraft:panic_button":1,"undead_unleashed:grave_metal_chestplate":1,"minecraft:golden_sword":2,"immersive_armors:steampunk_leggings":1,"minecraft:cornflower":2,"immersive_aircraft:biplane":2,"immersive_aircraft:bomb_bay":3,"tombstone:impregnated_diamond":1,"mca:blueprint":1,"mca:staff_of_life":1,"mca:engagement_ring":1,"bossominium:hells_fur":1,"securitycraft:smart_module":2,"minecraft:poppy":1,"immersive_armors:steampunk_chestplate":1,"born_in_chaos_v1:hound_trap":1,"born_in_chaos_v1:soulbane":1,"immersive_paintings:painting":1,"minecraft:golden_helmet":2,"minecraft:sandstone":16,"minecraft:stone":1,"born_in_chaos_v1:dark_metal_armor_helmet":1,"bossominium:dead_charm":3,"immersive_aircraft:rotary_cannon":1,"tombstone:grave_dust":2,"minecraft:dirt_path":1,"minecraft:carrot":6,"minecraft:golden_chestplate":2,"minecraft:tnt":192,"securitycraft:blast_furnace_mine":1,"crittersandcompanions:dragonfly_wing":2,"gothic:torturers_axe":1,"minecraft:peony":11,"undead_unleashed:cracked_shaded_bricks":64,"crittersandcompanions:silk":1,"minecraft:saddle":1,"minecraft:gold_ingot":72,"minecraft:oxeye_daisy":4,"minecraft:feather":1,"minecraft:cooked_beef":64,"minecraft:golden_leggings":2,"minecraft:potato":5,"born_in_chaos_v1:dark_metal_armor_chestplate":1,"minecraft:ancient_debris":3,"minecraft:golden_boots":2,"minecraft:gunpowder":66,"born_in_chaos_v1:dark_metal_armor_leggings":1,"minecraft:dirt":19,"gothic:war_cudgel":1,"minecraft:lantern":3,"minecraft:name_tag":3,"minecraft:bone":7,"minecraft:apple":1,"minecraft:wheat_seeds":173,"immersive_paintings:graffiti":1,"undead_unleashed:grave_metal_boots":1,"immersive_armors:steampunk_helmet":1,"undead_unleashed:grave_metal_helmet":1,"undead_unleashed:moonlight_greatsword":1,"mca:matchmakers_ring":2,"mca:comb":1,"minecraft:dandelion":3,"born_in_chaos_v1:dark_metal_armor_boots":1,"mca:divorce_papers":1,"mca:needle_and_thread":2,"immersive_armors:steampunk_boots":1,"undead_unleashed:grave_metal_leggings":1,"minecraft:sand":17,"minecraft:white_bed":1,"bossominium:ruin_totem":1,"born_in_chaos_v1:supreme_measure":1,"minecraft:diamond":72,"born_in_chaos_v1:nightmare_scythe":1,"minecraft:golden_apple":65,"minecraft:emerald":66,"bossominium:the_golden_eye":1,"minecraft:coal":181,"mca:scythe":1,"mca:bouquet":2}},"DataVersion":3120}