{"stats":{"minecraft:custom":{"minecraft:interact_with_crafting_table":1,"minecraft:open_barrel":4,"minecraft:leave_game":15,"minecraft:time_since_death":715381,"minecraft:damage_resisted":888,"minecraft:sprint_one_cm":109121,"minecraft:drop":298,"minecraft:talked_to_villager":1,"minecraft:play_time":1126221,"minecraft:deaths":2,"minecraft:jump":3627,"minecraft:walk_on_water_one_cm":9187,"minecraft:interact_with_furnace":2,"minecraft:traded_with_villager":4,"minecraft:sleep_in_bed":1,"minecraft:damage_dealt":30522,"minecraft:crouch_one_cm":40552,"tombstone:undead_killed":13,"tombstone:villager_killed":10,"minecraft:horse_one_cm":83840,"minecraft:mob_kills":80,"minecraft:interact_with_anvil":2,"minecraft:fill_cauldron":7,"minecraft:damage_dealt_resisted":243794,"minecraft:climb_one_cm":50,"minecraft:walk_one_cm":1712730,"minecraft:sneak_time":25237,"minecraft:walk_under_water_one_cm":24594,"minecraft:boat_one_cm":3507,"minecraft:total_world_time":1126221,"tombstone:raider_killed":1,"minecraft:time_since_rest":715022,"minecraft:damage_taken":3000,"minecraft:damage_absorbed":1000,"minecraft:swim_one_cm":10346,"minecraft:fly_one_cm":5206236,"minecraft:open_chest":2,"minecraft:fall_one_cm":9883},"minecraft:used":{"securitycraft:trophy_system":1,"gothic:ice_golem_spawn_egg":1,"minecraft:peony":14,"cfm:birch_hedge":2,"crittersandcompanions:dumbo_octopus_spawn_egg":6,"minecraft:writable_book":2,"securitycraft:reinforced_spruce_slab":57,"minecraft:iron_shovel":40,"gothic:harpie_dark_spawn_egg":1,"minecraft:spruce_slab":40,"crittersandcompanions:ferret_spawn_egg":1,"minecraft:oak_sign":5,"minecraft:stone":350,"securitycraft:security_camera":1,"minecraft:mossy_stone_brick_slab":8,"minecraft:grass":21,"securitycraft:username_logger":1,"securitycraft:reinforced_stone_brick_wall":29,"minecraft:lily_of_the_valley":2,"crittersandcompanions:leaf_insect_spawn_egg":4,"cfm:dark_oak_upgraded_gate":1,"gothic:fire_golem_spawn_egg":1,"minecraft:allium":2,"minecraft:deepslate_tile_slab":92,"gothic:dragon_snapper_spawn_egg":1,"gothic:bloodfly_hornet_spawn_egg":1,"securitycraft:reinforced_cobblestone_wall":2,"easy_npc:humanoid_spawn_egg":6,"securitycraft:camera_monitor":1,"born_in_chaos_v1:soulbane":66,"minecraft:netherite_shovel":147,"minecraft:lava_bucket":3,"minecraft:stripped_dark_oak_wood":15,"minecraft:bricks":73,"create:spruce_window_pane":19,"minecraft:villager_spawn_egg":1,"minecraft:grass_block":750,"securitycraft:secret_sign_item":4,"minecraft:lantern":74,"minecraft:blue_orchid":3,"cfm:spruce_desk_cabinet":2,"cfm:stripped_dark_oak_crate":2,"crittersandcompanions:shima_enaga_spawn_egg":1,"immersive_paintings:glow_graffiti":1,"minecraft:stone_brick_stairs":132,"minecraft:stone_bricks":1417,"minecraft:infested_mossy_stone_bricks":7,"minecraft:mangrove_roots":1,"minecraft:furnace":5,"securitycraft:laser_block":2,"born_in_chaos_v1:scorched_planks":1,"immersive_aircraft:biplane":7,"minecraft:potato":13,"securitycraft:alarm":10,"securitycraft:inventory_scanner":2,"minecraft:deepslate_brick_wall":2,"minecraft:mossy_stone_bricks":65,"easy_npc:easy_npc_wand":5,"minecraft:dark_oak_stairs":32,"crittersandcompanions:koi_fish_spawn_egg":1,"minecraft:spruce_door":2,"securitycraft:reinforced_spruce_planks":18,"minecraft:stripped_birch_log":136,"securitycraft:reinforced_oak_wood":109,"minecraft:oak_planks":1,"securitycraft:reinforced_stone_brick_slab":96,"easy_npc:zombie_horse_spawn_egg":1,"securitycraft:netherrack_mine":3,"born_in_chaos_v1:hound_trap":1,"minecraft:mossy_stone_brick_stairs":5,"minecraft:sandstone":83,"minecraft:redstone_block":1,"undead_unleashed:moonlight_greatsword":8,"securitycraft:claymore":2,"minecraft:oak_leaves":307,"minecraft:golden_apple":30,"minecraft:dark_oak_trapdoor":17,"minecraft:sand":218,"create:dripstone_pillar":3,"minecraft:infested_chiseled_stone_bricks":11,"minecraft:blast_furnace":4,"minecraft:stone_brick_wall":4,"cfm:spruce_table":4,"securitycraft:reinforced_oak_slab":54,"cfm:oak_chair":13,"immersive_paintings:graffiti":24,"securitycraft:blast_furnace_mine":6,"cfm:stripped_dark_oak_desk":1,"gothic:bloodfly_spawn_egg":1,"cfm:spruce_upgraded_fence":324,"minecraft:deepslate_iron_ore":2,"minecraft:barrier":11,"gothic:war_cudgel":61,"minecraft:stone_button":10,"undead_unleashed:cracked_shaded_bricks":2,"cfm:oak_upgraded_fence":883,"securitycraft:smart_module":2,"minecraft:deepslate":551,"minecraft:flowering_azalea_leaves":12,"minecraft:lilac":2,"securitycraft:mine":6,"mca:cross_headstone":6,"minecraft:chain":39,"minecraft:smooth_stone_slab":49,"cfm:oak_upgraded_gate":9,"securitycraft:briefcase":1,"born_in_chaos_v1:dark_grid":3,"gothic:stone_golem_spawn_egg":1,"minecraft:oak_fence":2,"minecraft:oak_trapdoor":13,"minecraft:netherite_sword":87,"minecraft:rose_bush":4,"minecraft:white_tulip":2,"minecraft:flint_and_steel":2,"securitycraft:reinforced_end_stone_brick_wall":1,"cfm:stripped_dark_oak_blinds":12,"securitycraft:keypad_chest":4,"minecraft:stone_shovel":24,"gothic:razor_spawn_egg":1,"minecraft:spruce_planks":523,"born_in_chaos_v1:black_argillite":3,"born_in_chaos_v1:shell_mace":1,"securitycraft:keypad_door_item":1,"cfm:jungle_chair":6,"securitycraft:ims":1,"minecraft:netherrack":1,"crittersandcompanions:red_panda_spawn_egg":1,"minecraft:torch":62,"minecraft:dirt":70,"minecraft:anvil":2,"crittersandcompanions:otter_spawn_egg":1,"cfm:acacia_park_bench":4,"gothic:torturers_axe":1,"minecraft:spruce_stairs":537,"minecraft:nether_brick_slab":14,"minecraft:golden_shovel":25,"gothic:stone_guardian_spawn_egg":1,"minecraft:dark_oak_planks":71,"cfm:oak_table":4,"minecraft:stone_brick_slab":56,"born_in_chaos_v1:supreme_measure":47,"cfm:stripped_mangrove_bedside_cabinet":1,"cfm:black_sofa":1,"minecraft:bookshelf":3,"create:dark_oak_window_pane":4,"gothic:shadowbeast_young_spawn_egg":1,"minecraft:oak_stairs":35,"minecraft:brick_stairs":2,"minecraft:polished_deepslate_wall":2,"cfm:mangrove_chair":5,"born_in_chaos_v1:nightmare_scythe":9,"born_in_chaos_v1:smoldering_scorched_log":1,"minecraft:barrel":9,"cfm:stripped_jungle_table":2,"cfm:stripped_oak_upgraded_fence":10,"gothic:lurker_spawn_egg":1,"minecraft:glowstone":11,"gothic:snapper_spawn_egg":1,"minecraft:cooked_beef":1,"securitycraft:bouncing_betty":1,"cfm:stripped_oak_park_bench":7,"minecraft:mossy_stone_brick_wall":21,"gothic:swamp_golem_spawn_egg":1,"mca:male_villager_spawn_egg":3,"minecraft:water_bucket":7,"securitycraft:projector":1,"mca:upright_headstone":2,"minecraft:cobblestone_stairs":117,"minecraft:dirt_path":1293,"gothic:field_raider_spawn_egg":1,"cfm:stripped_dark_oak_cabinet":7,"securitycraft:panic_button":7,"minecraft:cauldron":6,"gothic:deepslate_golem_spawn_egg":1,"minecraft:fletching_table":1,"minecraft:deepslate_bricks":57,"cfm:spruce_chair":9,"cfm:spruce_crate":3,"securitycraft:redstone_module":1,"create:encased_fan":2,"minecraft:oak_slab":425,"minecraft:crafting_table":2,"minecraft:white_bed":2,"minecraft:campfire":92,"cfm:acacia_coffee_table":1,"minecraft:infested_stone_bricks":43,"minecraft:spruce_log":194,"minecraft:smoker":3,"cfm:spruce_upgraded_gate":7,"mca:golden_upright_headstone":1,"cfm:warped_coffee_table":1,"minecraft:oak_log":246,"mca:scythe":5,"minecraft:wooden_hoe":10,"minecraft:cornflower":5,"crittersandcompanions:dragonfly_spawn_egg":2,"man_of_many_planes:scarlet_biplane":3,"minecraft:map":1,"create:water_wheel":6,"minecraft:spruce_trapdoor":152,"create:large_water_wheel":9,"minecraft:chiseled_stone_bricks":11,"minecraft:cobblestone":177,"minecraft:jungle_door":2,"securitycraft:cage_trap":1,"minecraft:glass_pane":29,"minecraft:dandelion":5,"minecraft:splash_potion":26,"minecraft:birch_stairs":13,"crittersandcompanions:sea_bunny_spawn_egg":6},"minecraft:picked_up":{"bossominium:ancient_scrap":1,"minecraft:wheat":59,"create:oak_window_pane":1,"minecraft:turtle_egg":1,"undead_unleashed:grave_metal_chestplate":1,"minecraft:stone_brick_stairs":1,"minecraft:golden_sword":2,"create:spruce_window_pane":1,"immersive_aircraft:bomb_bay":3,"mca:blueprint":1,"cfm:jungle_chair":1,"mca:engagement_ring":1,"minecraft:spruce_planks":2,"immersive_armors:steampunk_chestplate":1,"born_in_chaos_v1:soulbane":1,"minecraft:golden_helmet":2,"minecraft:netherite_shovel":2,"tombstone:grave_dust":2,"minecraft:dirt_path":2,"create:ornate_iron_window_pane":1,"minecraft:golden_chestplate":2,"securitycraft:blast_furnace_mine":1,"create:dark_oak_window_pane":1,"minecraft:rotten_flesh":3,"crittersandcompanions:dragonfly_wing":2,"gothic:torturers_axe":1,"gothic:bug_meat":2,"minecraft:feather":1,"minecraft:cooked_beef":64,"minecraft:golden_leggings":2,"minecraft:potato":5,"born_in_chaos_v1:dark_metal_armor_chestplate":1,"minecraft:stripped_birch_log":1,"minecraft:dirt":19,"gothic:war_cudgel":1,"minecraft:lantern":5,"minecraft:name_tag":3,"minecraft:bone":10,"minecraft:wheat_seeds":184,"immersive_paintings:graffiti":2,"easy_npc:easy_npc_wand":1,"minecraft:oak_planks":1,"undead_unleashed:grave_metal_helmet":1,"undead_unleashed:moonlight_greatsword":1,"mca:matchmakers_ring":2,"mca:comb":1,"mca:needle_and_thread":2,"immersive_armors:steampunk_boots":1,"undead_unleashed:grave_metal_leggings":1,"minecraft:sand":17,"born_in_chaos_v1:supreme_measure":1,"minecraft:diamond":72,"born_in_chaos_v1:nightmare_scythe":1,"minecraft:golden_apple":65,"minecraft:emerald":66,"mca:scythe":1,"mca:bouquet":2,"minecraft:azure_bluet":2,"born_in_chaos_v1:river_mint":1,"securitycraft:panic_button":1,"immersive_armors:steampunk_leggings":1,"minecraft:cornflower":2,"minecraft:oak_trapdoor":2,"immersive_aircraft:biplane":2,"create:acacia_window_pane":1,"tombstone:impregnated_diamond":1,"minecraft:blue_orchid":1,"mca:staff_of_life":1,"bossominium:hells_fur":1,"securitycraft:smart_module":2,"minecraft:poppy":2,"securitycraft:reinforced_cobblestone_wall":1,"minecraft:spruce_trapdoor":2,"born_in_chaos_v1:hound_trap":1,"immersive_paintings:painting":1,"minecraft:sandstone":16,"minecraft:stone":1,"born_in_chaos_v1:dark_metal_armor_helmet":1,"bossominium:dead_charm":3,"create:jungle_window_pane":1,"immersive_aircraft:rotary_cannon":1,"minecraft:stone_button":1,"minecraft:carrot":6,"minecraft:tnt":192,"minecraft:arrow":2,"minecraft:peony":11,"undead_unleashed:cracked_shaded_bricks":64,"crittersandcompanions:silk":1,"minecraft:saddle":1,"minecraft:gold_ingot":72,"minecraft:oxeye_daisy":5,"born_in_chaos_v1:corpse_maggot":2,"cfm:oak_upgraded_gate":1,"minecraft:ancient_debris":3,"minecraft:golden_boots":2,"minecraft:gunpowder":66,"born_in_chaos_v1:dark_metal_armor_leggings":1,"minecraft:apple":1,"minecraft:stone_bricks":4,"undead_unleashed:grave_metal_boots":1,"immersive_armors:steampunk_helmet":1,"minecraft:dandelion":3,"born_in_chaos_v1:dark_metal_armor_boots":1,"mca:divorce_papers":1,"undead_unleashed:grave_metal_scrap":3,"minecraft:white_bed":1,"bossominium:ruin_totem":1,"gothic:meat":10,"create:birch_window_pane":1,"tombstone:magic_scroll":1,"bossominium:the_golden_eye":1,"minecraft:coal":181},"minecraft:dropped":{"easy_npc:easy_npc_wand":1,"cfm:oak_upgraded_gate":1,"mca:deepslate_slanted_headstone":1,"bossominium:the_golden_eye":1,"minecraft:cooked_beef":63,"minecraft:oak_log":2,"minecraft:diamond":127,"crittersandcompanions:ferret_spawn_egg":1,"mca:letter":1,"immersive_aircraft:biplane":4,"crittersandcompanions:dumbo_octopus_spawn_egg":2,"immersive_paintings:glow_graffiti":1,"minecraft:lantern":1,"minecraft:fletching_table":1,"create:large_water_wheel":1,"mca:potion_of_masculinity":1,"minecraft:emerald":70,"minecraft:dirt":16,"securitycraft:trophy_system":1,"mca:cross_headstone":2,"born_in_chaos_v1:dark_metal_armor_chestplate":1,"minecraft:stone_button":2,"bossominium:ruin_totem":1,"securitycraft:netherrack_mine":1,"minecraft:sand":21,"gothic:fire_golem_spawn_egg":1,"securitycraft:panic_button":1,"cfm:birch_hedge":1,"securitycraft:projector":1,"minecraft:cauldron":2,"minecraft:gold_ingot":72,"minecraft:bone":5,"immersive_aircraft:bomb_bay":1,"bossominium:hells_fur":1,"minecraft:mangrove_roots":1,"minecraft:ancient_debris":3,"minecraft:diamond_block":64,"create:dark_oak_window_pane":1,"minecraft:golden_chestplate":2,"gothic:bloodfly_hornet_spawn_egg":1,"gothic:razor_spawn_egg":1,"minecraft:wheat":1,"minecraft:netherite_sword":2,"tombstone:impregnated_diamond":2,"tombstone:gift":1,"securitycraft:taser":1,"minecraft:oak_planks":1,"minecraft:netherite_shovel":2,"cfm:jungle_chair":2,"gothic:stone_guardian_spawn_egg":1,"minecraft:infested_mossy_stone_bricks":1,"born_in_chaos_v1:dark_metal_armor_boots":1,"securitycraft:ims":1,"cfm:spruce_upgraded_fence":2,"minecraft:white_bed":1,"bossominium:ancient_scrap":1,"minecraft:infested_stone_bricks":1,"mca:engagement_ring":1,"gothic:bug_meat":2,"create:encased_fan":1,"mca:villager_editor":1,"gothic:bloodfly_spawn_egg":1,"gothic:field_raider_spawn_egg":1,"crittersandcompanions:koi_fish_spawn_egg":1,"gothic:snapper_spawn_egg":1,"gothic:gothic_wolf_spawn_egg":1,"undead_unleashed:cracked_shaded_bricks":62,"cfm:stripped_oak_park_bench":1,"mca:book_infection":1,"crittersandcompanions:red_panda_spawn_egg":1,"securitycraft:camera_monitor":1,"securitycraft:reinforced_end_stone_brick_wall":1,"minecraft:arrow":1,"born_in_chaos_v1:dark_metal_armor_helmet":1,"create:water_wheel":1,"gothic:boar_spawn_egg":1,"minecraft:stone_brick_stairs":1,"crittersandcompanions:leaf_insect_spawn_egg":1,"mca:matchmakers_ring":4,"minecraft:splash_potion":1,"minecraft:netherrack":1,"securitycraft:cage_trap":1,"gothic:deepslate_golem_spawn_egg":1,"minecraft:water_bucket":2,"minecraft:golden_boots":2,"mca:upright_headstone":1,"crittersandcompanions:otter_spawn_egg":1,"minecraft:wheat_seeds":13,"minecraft:golden_helmet":2,"gothic:war_cudgel":2,"securitycraft:security_camera":1,"securitycraft:claymore":1,"crittersandcompanions:shima_enaga_spawn_egg":1,"minecraft:oak_fence":1,"minecraft:feather":1,"immersive_paintings:graffiti":3,"minecraft:apple":1,"crittersandcompanions:dragonfly_wing":2,"minecraft:golden_apple":35,"gothic:dragon_snapper_spawn_egg":1,"bossominium:the_bossdexium":1,"mca:wedding_ring":1,"minecraft:lava_bucket":3,"born_in_chaos_v1:soulbane":1,"cfm:spruce_upgraded_gate":1,"mca:book_romance":1,"gothic:shadowbeast_young_spawn_egg":1,"born_in_chaos_v1:river_mint":1,"minecraft:torch":1,"tombstone:grave_key":1,"gothic:warg_spawn_egg":1,"securitycraft:username_logger":1,"gothic:bloodhound_spawn_egg":1,"minecraft:map":1,"minecraft:stripped_birch_log":1,"born_in_chaos_v1:shell_mace":1,"securitycraft:reinforced_cobblestone_wall":1,"minecraft:polished_deepslate_wall":1,"minecraft:lily_pad":1,"gothic:lurker_spawn_egg":1,"gothic:torturers_axe":1,"securitycraft:blast_furnace_mine":1,"minecraft:redstone_block":1,"gothic:harpie_dark_spawn_egg":1,"born_in_chaos_v1:nightmare_scythe":1,"minecraft:bricks":2,"securitycraft:mine":5,"create:dripstone_pillar":1,"minecraft:oak_trapdoor":4,"minecraft:deepslate":34,"born_in_chaos_v1:staffof_blindness":1,"crittersandcompanions:dragonfly_spawn_egg":1,"cfm:acacia_park_bench":1,"minecraft:villager_spawn_egg":1,"minecraft:name_tag":3,"mca:golden_upright_headstone":1,"securitycraft:motion_activated_light":1,"minecraft:dirt_path":2,"minecraft:glass_pane":1,"gothic:ice_wolf_spawn_egg":1,"crittersandcompanions:silk":1,"minecraft:flint_and_steel":1,"easy_npc:humanoid_spawn_egg":1,"bossominium:dead_charm":3,"crittersandcompanions:sea_bunny_spawn_egg":2,"minecraft:spruce_trapdoor":2,"minecraft:spruce_planks":2,"minecraft:mossy_stone_bricks":1,"man_of_many_planes:scarlet_biplane":1,"minecraft:golden_leggings":2,"gothic:shadowbeast_spawn_egg":1,"minecraft:golden_sword":2,"mca:needle_and_thread":2,"undead_unleashed:moonlight_greatsword":1,"minecraft:stone_bricks":4,"minecraft:barrel":1,"securitycraft:briefcase":1,"born_in_chaos_v1:dark_metal_armor_leggings":1,"minecraft:sandstone":17,"securitycraft:bouncing_betty":1,"born_in_chaos_v1:supreme_measure":1,"gothic:swamp_golem_spawn_egg":1,"securitycraft:sonic_security_system":1,"securitycraft:alarm":1,"securitycraft:retinal_scanner":1,"mca:civil_registry":1},"minecraft:killed":{"gothic:bloodfly_hornet":1,"minecraft:spider":1,"crittersandcompanions:leaf_insect":1,"gothic:swamp_golem":1,"gothic:stone_guardian":1,"minecraft:skeleton":3,"bossominium:golden_ring_boss":1,"crittersandcompanions:sea_bunny":4,"gothic:ice_golem":1,"minecraft:creeper":1,"gothic:lurker":1,"gothic:meatbug":2,"gothic:snapper":1,"minecraft:zombie":8,"born_in_chaos_v1:corpse_fly":4,"mca:male_villager":7,"undead_unleashed:haunter":1,"takesapillage:archer":1,"gothic:bloodfly":1,"crittersandcompanions:dumbo_octopus":3,"bossominium:hell_hound_boss":1,"gothic:harpie_dark":1,"gothic:deepslate_golem":1,"crittersandcompanions:dragonfly":2,"bossominium:morsemancer_boss":1,"born_in_chaos_v1:maggot":1,"gothic:shadowbeast":4,"crittersandcompanions:otter":2,"gothic:dragon_snapper":1,"born_in_chaos_v1:barrel_zombie":1,"gothic:razor":1,"crittersandcompanions:ferret":2,"crittersandcompanions:jumping_spider":1,"gothic:field_raider":1,"bossominium:ancient_remnant_boss":1,"born_in_chaos_v1:bloody_gadfly":1,"gothic:scavenger_young":1,"crittersandcompanions:red_panda":2,"gothic:fire_golem":1,"bossominium:cursed_armor":1,"crittersandcompanions:shima_enaga":2,"mca:female_villager":2,"minecraft:villager":1,"gothic:shadowbeast_young":2},"minecraft:mined":{"minecraft:grass":8,"minecraft:sand":3,"minecraft:tall_grass":3},"minecraft:crafted":{"gothic:meat":8}},"DataVersion":3120}