{"stats":{"minecraft:picked_up":{"minecraft:crafting_table":2,"minecraft:coarse_dirt":1,"minecraft:wheat":6,"minecraft:chainmail_boots":4,"minecraft:clay_ball":3,"artifacts:bunny_hoppers":1,"tombstone:tablet_of_home":2,"minecraft:diamond_horse_armor":1,"minecraft:item_frame":2,"minecraft:gold_nugget":6,"minecraft:cobbled_deepslate":4,"minecraft:beef":33,"minecraft:chest":13,"minecraft:birch_sapling":1,"minecraft:golden_helmet":1,"minecraft:raw_iron":29,"born_in_chaos_v1:carved_black_argillite":1,"tombstone:grave_dust":5,"born_in_chaos_v1:pieceofdarkmetal":2,"minecraft:carrot":10,"minecraft:redstone":1,"minecraft:prismarine_crystals":4,"tombstone:lollipop":2,"minecraft:diamond_chestplate":1,"minecraft:rotten_flesh":71,"minecraft:arrow":3,"minecraft:hay_block":25,"crittersandcompanions:silk":9,"born_in_chaos_v1:spiny_shell":4,"minecraft:gold_ingot":4,"minecraft:mutton":3,"minecraft:skeleton_skull":2,"minecraft:white_wool":6,"minecraft:cobblestone":23,"born_in_chaos_v1:corpse_maggot":1,"minecraft:cooked_beef":8,"minecraft:leather":12,"minecraft:potato":24,"minecraft:gunpowder":1,"skilltree:gem":7,"minecraft:lantern":1,"tombstone:gift":1,"minecraft:name_tag":1,"minecraft:bone":6,"minecraft:stone_bricks":4,"minecraft:kelp":3,"minecraft:wheat_seeds":35,"immersive_paintings:graffiti":1,"minecraft:raw_gold":1,"minecraft:stone_pickaxe":2,"minecraft:iron_ingot":14,"tombstone:bag_of_seeds":1,"minecraft:mossy_stone_bricks":2,"minecraft:bamboo":13,"minecraft:gray_bed":3,"minecraft:iron_sword":1,"simply_tokens:elegant_token":2,"minecraft:chiseled_stone_bricks":1,"born_in_chaos_v1:ethereal_spirit":2,"minecraft:poisonous_potato":1,"minecraft:raw_iron_block":7,"minecraft:sand":27,"undead_unleashed:grave_metal_scrap":1,"minecraft:dark_oak_log":11,"minecraft:mossy_cobblestone":3,"travelersbackpack:standard":2,"create:crimsite":1,"born_in_chaos_v1:fire_dust":1,"minecraft:diamond":5,"artifacts:crystal_heart":1,"minecraft:emerald":12,"minecraft:bread":28,"minecraft:baked_potato":25,"born_in_chaos_v1:rotten_fish":3},"minecraft:custom":{"minecraft:mob_kills":40,"minecraft:interact_with_crafting_table":14,"minecraft:open_barrel":59,"minecraft:interact_with_campfire":33,"minecraft:eat_cake_slice":7,"minecraft:leave_game":4,"minecraft:time_since_death":19306,"minecraft:climb_one_cm":14799,"minecraft:sprint_one_cm":783892,"minecraft:walk_one_cm":409149,"minecraft:drop":49,"minecraft:play_time":209469,"minecraft:sneak_time":8714,"minecraft:deaths":2,"minecraft:walk_under_water_one_cm":10979,"minecraft:boat_one_cm":123290,"minecraft:interact_with_lectern":1,"minecraft:jump":4092,"minecraft:interact_with_blast_furnace":10,"minecraft:walk_on_water_one_cm":20211,"minecraft:total_world_time":209469,"minecraft:interact_with_furnace":4,"tombstone:raider_killed":3,"minecraft:traded_with_villager":16,"minecraft:interact_with_loom":1,"minecraft:sleep_in_bed":2,"minecraft:time_since_rest":13636,"minecraft:damage_taken":2603,"minecraft:damage_dealt":7045,"minecraft:swim_one_cm":89483,"minecraft:fly_one_cm":925742,"minecraft:open_chest":49,"minecraft:crouch_one_cm":25548,"tombstone:undead_killed":12,"minecraft:fall_one_cm":111020,"minecraft:inspect_dispenser":3},"minecraft:crafted":{"minecraft:raw_iron":63,"minecraft:stone_shovel":15,"minecraft:dark_oak_boat":1,"minecraft:glass":27,"travelersbackpack:white_sleeping_bag":2,"minecraft:chest":1,"minecraft:dark_oak_planks":192,"minecraft:crafting_table":1,"travelersbackpack:backpack_tank":4,"travelersbackpack:standard":2,"minecraft:stone_axe":1,"minecraft:air":0,"minecraft:barrier":15,"minecraft:shield":1,"minecraft:stick":64,"minecraft:iron_ingot":92,"minecraft:gold_ingot":1},"minecraft:killed":{"born_in_chaos_v1:skeleton_demoman":1,"born_in_chaos_v1:thornshell_crab":1,"born_in_chaos_v1:scarlet_persecutor":2,"born_in_chaos_v1:maggot":2,"minecraft:phantom":3,"minecraft:skeleton":1,"crittersandcompanions:otter":1,"cnb:cactem":1,"born_in_chaos_v1:firelight_not_despawn":1,"born_in_chaos_v1:barrel_zombie":1,"born_in_chaos_v1:fallen_chaos_knight":1,"born_in_chaos_v1:baby_skeleton":1,"minecraft:sheep":2,"minecraft:zombie":3,"undead_unleashed:haunter":1,"cnb:lizard":1,"minecraft:cow":16,"gothic:shadowbeast_young":1},"minecraft:dropped":{"minecraft:wheat_seeds":17,"minecraft:golden_helmet":2,"minecraft:mossy_cobblestone":3,"tombstone:tablet_of_home":1,"minecraft:prismarine_crystals":4,"minecraft:lantern":1,"minecraft:apple":5,"bossominium:the_bossdexium":1,"minecraft:item_frame":2,"minecraft:emerald":9,"tombstone:bag_of_seeds":1,"minecraft:torch":2,"minecraft:zombie_head":1,"minecraft:writable_book":1,"minecraft:gold_nugget":6,"artifacts:crystal_heart":1,"born_in_chaos_v1:carved_black_argillite":1,"minecraft:chainmail_leggings":1,"minecraft:kelp":3,"minecraft:coarse_dirt":1,"minecraft:cobbled_deepslate":4,"minecraft:wheat":7,"minecraft:rotten_flesh":73,"minecraft:clay_ball":3,"minecraft:chiseled_stone_bricks":1,"minecraft:potato":8,"minecraft:gunpowder":1,"minecraft:skeleton_skull":1,"born_in_chaos_v1:corpse_maggot":1,"minecraft:mossy_stone_bricks":1,"minecraft:golden_leggings":1,"minecraft:chainmail_boots":3,"minecraft:beef":2},"minecraft:mined":{"undead_unleashed:chiseled_shaded_bricks":1,"minecraft:mossy_cobblestone":11,"minecraft:jungle_leaves":3,"minecraft:dark_oak_log":6,"minecraft:grass_block":4,"born_in_chaos_v1:black_argillite":3,"minecraft:redstone_wire":1,"minecraft:chiseled_stone_bricks":1,"minecraft:hay_block":25,"minecraft:raw_iron_block":7,"born_in_chaos_v1:black_argillite_brick_slab":1,"minecraft:cobbled_deepslate":2,"born_in_chaos_v1:black_argillite_brick_stairs":1,"gothic:innos_statue_top":1,"minecraft:deepslate_iron_ore":30,"minecraft:vine":3,"crittersandcompanions:silk_cocoon":2,"minecraft:stone":12,"minecraft:white_wool":3,"minecraft:tripwire":2,"born_in_chaos_v1:carved_black_argillite":1,"undead_unleashed:ancient_dirt":4,"travelersbackpack:standard":2,"minecraft:crafting_table":2,"minecraft:chest":13,"born_in_chaos_v1:black_argillite_column_slab":1,"minecraft:tall_grass":6,"minecraft:cobblestone":8,"born_in_chaos_v1:chipped_black_argillite_brick":1,"mca:cross_headstone":1,"minecraft:coarse_dirt":2,"gothic:innos_statue_bottom":1,"minecraft:gray_bed":3,"born_in_chaos_v1:black_argillite_brick":2,"minecraft:grass":21,"minecraft:sand":27,"minecraft:dirt":7,"minecraft:stone_bricks":4,"minecraft:mossy_stone_bricks":1,"create:crimsite":1,"minecraft:oak_leaves":4,"minecraft:fern":1},"minecraft:used":{"minecraft:writable_book":2,"minecraft:iron_sword":131,"minecraft:dark_oak_planks":30,"minecraft:iron_helmet":1,"minecraft:iron_boots":1,"minecraft:stone_bricks":4,"minecraft:dark_oak_boat":1,"minecraft:gray_bed":1,"tombstone:gift":3,"minecraft:potato":11,"minecraft:iron_leggings":1,"minecraft:water_bucket":56,"minecraft:mossy_stone_bricks":1,"minecraft:stone_pickaxe":110,"minecraft:baked_potato":25,"create:crimsite":1,"minecraft:crafting_table":3,"minecraft:crossbow":5,"minecraft:bread":36,"tombstone:magic_scroll":1,"minecraft:golden_helmet":1,"minecraft:stone_axe":59,"minecraft:cobblestone":2,"travelersbackpack:standard":4,"minecraft:bucket":57},"minecraft:killed_by":{"born_in_chaos_v1:nightmare_stalker":1}},"DataVersion":3120}