{"stats":{"minecraft:dropped":{"minecraft:enchanted_book":1,"minecraft:wheat_seeds":1,"minecraft:dripstone_block":1,"minecraft:iron_helmet":1,"minecraft:spruce_stairs":1,"minecraft:flint":1,"minecraft:dirt":6,"artifacts:thorn_pendant":1,"minecraft:dark_oak_fence":1,"minecraft:iron_leggings":1,"minecraft:white_wool":1,"minecraft:bone":2,"minecraft:gravel":6,"minecraft:goat_horn":5,"minecraft:cobbled_deepslate":2,"minecraft:tuff":2,"minecraft:rotten_flesh":9,"minecraft:iron_boots":1,"minecraft:iron_chestplate":1,"minecraft:spruce_planks":10,"gothic:cave_mushrooms":2,"minecraft:stone_pickaxe":1},"minecraft:killed":{"minecraft:spider":1,"minecraft:skeleton":3,"gothic:cave_molerat":1,"artifacts:mimic":4,"born_in_chaos_v1:barrel_zombie":1,"gothic:bug_hunter":1,"born_in_chaos_v1:decrepit_skeleton":4,"minecraft:zombie":1,"born_in_chaos_v1:corpse_fly":2,"mca:female_villager":1,"minecraft:cow":1},"minecraft:picked_up":{"minecraft:iron_chestplate":1,"minecraft:crafting_table":6,"minecraft:clay_ball":4,"artifacts:feral_claws":1,"minecraft:experience_bottle":1,"minecraft:blackstone":14,"minecraft:cobbled_deepslate":130,"minecraft:beef":3,"gothic:guardian_table":1,"minecraft:chest":1,"minecraft:iron_boots":1,"minecraft:furnace":5,"minecraft:egg":1,"minecraft:raw_iron":50,"minecraft:spruce_stairs":1,"tombstone:grave_dust":1,"minecraft:carrot":30,"minecraft:goat_horn":5,"tombstone:lollipop":2,"minecraft:dark_oak_planks":20,"minecraft:rotten_flesh":9,"minecraft:arrow":3,"create:ochrum":42,"minecraft:iron_block":1,"create:asurine":28,"artifacts:cross_necklace":1,"create:veridium":15,"minecraft:cobblestone":179,"minecraft:white_wool":5,"minecraft:glow_ink_sac":2,"minecraft:dark_oak_boat":1,"minecraft:leather":1,"minecraft:smoker":2,"artifacts:thorn_pendant":1,"minecraft:flint":1,"minecraft:tuff":8,"create:raw_zinc":27,"gothic:magic_ore_nugget":23,"minecraft:cobblestone_stairs":1,"minecraft:dirt":8,"skilltree:gem":16,"minecraft:lantern":2,"artifacts:flippers":1,"minecraft:red_carpet":2,"minecraft:bone":10,"minecraft:chipped_anvil":3,"minecraft:wheat_seeds":1,"minecraft:raw_gold":8,"minecraft:gray_bed":1,"minecraft:gravel":6,"gothic:meat_cooked":8,"minecraft:dripstone_block":1,"minecraft:sand":16,"minecraft:stripped_spruce_log":11,"undead_unleashed:grave_metal_scrap":4,"minecraft:blast_furnace":3,"minecraft:spruce_log":7,"gothic:cave_mushrooms":2,"minecraft:bundle":1,"minecraft:diamond":20,"minecraft:iron_helmet":1,"undead_unleashed:mossy_shaded_bricks":1,"minecraft:emerald":3,"tombstone:magic_scroll":1,"minecraft:dark_oak_fence":1,"minecraft:coal":15},"minecraft:custom":{"minecraft:mob_kills":20,"minecraft:interact_with_crafting_table":24,"minecraft:open_barrel":44,"minecraft:leave_game":3,"minecraft:time_since_death":89820,"minecraft:climb_one_cm":1603,"minecraft:sprint_one_cm":178991,"minecraft:walk_one_cm":419169,"minecraft:damage_blocked_by_shield":610,"minecraft:drop":36,"minecraft:play_time":113808,"minecraft:sneak_time":5115,"minecraft:deaths":2,"minecraft:walk_under_water_one_cm":23828,"minecraft:jump":1427,"minecraft:interact_with_blast_furnace":1,"minecraft:walk_on_water_one_cm":46723,"minecraft:total_world_time":113808,"minecraft:interact_with_furnace":21,"minecraft:sleep_in_bed":1,"minecraft:time_since_rest":35930,"minecraft:damage_taken":2388,"minecraft:damage_dealt":6242,"minecraft:swim_one_cm":43539,"minecraft:fly_one_cm":256930,"minecraft:open_chest":22,"minecraft:crouch_one_cm":15507,"tombstone:undead_killed":9,"tombstone:villager_killed":1,"minecraft:interact_with_smoker":1,"minecraft:fall_one_cm":31417},"minecraft:broken":{"minecraft:iron_sword":1,"minecraft:iron_pickaxe":2},"minecraft:crafted":{"minecraft:golden_carrot":30,"minecraft:dark_oak_boat":1,"minecraft:furnace":2,"minecraft:glass":16,"travelersbackpack:white_sleeping_bag":1,"minecraft:diamond_helmet":1,"minecraft:iron_boots":1,"minecraft:stone_pickaxe":1,"minecraft:chest":1,"minecraft:diamond_boots":1,"minecraft:cooked_beef":3,"minecraft:diamond_axe":1,"minecraft:crafting_table":3,"minecraft:spruce_planks":44,"travelersbackpack:backpack_tank":2,"minecraft:iron_helmet":1,"travelersbackpack:standard":1,"minecraft:air":0,"minecraft:iron_chestplate":1,"minecraft:gold_nugget":270,"minecraft:shield":1,"minecraft:stick":12,"minecraft:iron_ingot":93,"minecraft:iron_pickaxe":1,"minecraft:gold_ingot":18,"minecraft:iron_leggings":1,"minecraft:diamond_chestplate":1},"minecraft:used":{"minecraft:chest":1,"minecraft:spruce_planks":2,"minecraft:shield":3,"minecraft:iron_sword":165,"minecraft:rotten_flesh":5,"minecraft:dirt":2,"minecraft:carrot":5,"minecraft:dark_oak_planks":9,"gothic:guardian_table":1,"minecraft:golden_carrot":8,"minecraft:dark_oak_boat":1,"minecraft:furnace":7,"minecraft:gray_bed":1,"minecraft:egg":1,"minecraft:cooked_beef":1,"minecraft:cobbled_deepslate":1,"minecraft:cobblestone_stairs":1,"minecraft:stone_pickaxe":51,"minecraft:diamond_axe":35,"minecraft:glow_berries":60,"gothic:meat_cooked":5,"minecraft:crafting_table":8,"minecraft:blast_furnace":1,"minecraft:spruce_log":1,"minecraft:diamond_shovel":23,"minecraft:bread":1,"minecraft:iron_pickaxe":555,"undead_unleashed:mossy_shaded_bricks":1,"minecraft:cobblestone":98},"minecraft:killed_by":{"minecraft:creeper":1,"born_in_chaos_v1:corpse_fly":1},"minecraft:mined":{"minecraft:dark_oak_planks":9,"create:zinc_ore":28,"minecraft:diamond_ore":1,"minecraft:red_carpet":2,"minecraft:tuff":7,"minecraft:deepslate_diamond_ore":18,"minecraft:cobblestone_stairs":1,"born_in_chaos_v1:infected_diamond_ore":3,"minecraft:dark_oak_fence":1,"minecraft:grass_block":2,"born_in_chaos_v1:black_argillite":1,"minecraft:white_stained_glass":1,"create:ochrum":42,"gothic:scavenger_grilled":1,"minecraft:redstone_wire":1,"minecraft:spawner":1,"minecraft:furnace":5,"minecraft:iron_ore":45,"minecraft:fire":39,"minecraft:stripped_spruce_log":11,"gothic:scavenger_hanging":3,"create:asurine":28,"minecraft:cave_vines":13,"minecraft:deepslate_iron_ore":5,"minecraft:vine":1,"gothic:locked_chest_hunter_camp_snow":1,"minecraft:packed_ice":4,"minecraft:stone":144,"minecraft:iron_block":1,"create:veridium":16,"minecraft:white_wool":4,"gothic:guardian_table":1,"minecraft:acacia_leaves":1,"minecraft:red_wool":1,"minecraft:blackstone":14,"minecraft:smoker":2,"undead_unleashed:ancient_dirt":2,"minecraft:crafting_table":6,"minecraft:blast_furnace":3,"undead_unleashed:grave_soil":2,"undead_unleashed:mossy_shaded_bricks":1,"gothic:magic_ore_deepslate":5,"minecraft:cobblestone":23,"minecraft:deepslate_gold_ore":8,"minecraft:spruce_stairs":1,"gothic:magic_ore_stone":3,"minecraft:ice":2,"minecraft:gray_bed":1,"minecraft:spruce_log":7,"minecraft:grass":2,"minecraft:coal_ore":15,"minecraft:dripstone_block":1,"minecraft:gravel":7,"minecraft:sand":16,"minecraft:dirt":2,"minecraft:chipped_anvil":3,"minecraft:deepslate":174}},"DataVersion":3120}