{"stats":{"minecraft:killed_by":{"minecraft:creeper":1,"born_in_chaos_v1:corpse_fly":1},"minecraft:killed":{"minecraft:spider":1,"minecraft:skeleton":3,"gothic:cave_molerat":1,"artifacts:mimic":4,"born_in_chaos_v1:barrel_zombie":1,"gothic:bug_hunter":1,"born_in_chaos_v1:decrepit_skeleton":4,"minecraft:zombie":1,"born_in_chaos_v1:corpse_fly":2,"mca:female_villager":1,"minecraft:cow":1},"minecraft:mined":{"minecraft:dark_oak_planks":9,"create:zinc_ore":28,"minecraft:tuff":1,"minecraft:deepslate_diamond_ore":5,"born_in_chaos_v1:infected_diamond_ore":3,"minecraft:dark_oak_fence":1,"minecraft:grass_block":2,"born_in_chaos_v1:black_argillite":1,"minecraft:white_stained_glass":1,"gothic:scavenger_grilled":1,"minecraft:redstone_wire":1,"minecraft:spawner":1,"minecraft:furnace":5,"minecraft:iron_ore":45,"minecraft:fire":39,"minecraft:stripped_spruce_log":11,"gothic:scavenger_hanging":3,"create:asurine":28,"minecraft:vine":1,"minecraft:cave_vines":13,"minecraft:deepslate_iron_ore":5,"gothic:locked_chest_hunter_camp_snow":1,"minecraft:packed_ice":4,"minecraft:iron_block":1,"minecraft:stone":84,"create:veridium":16,"minecraft:white_wool":4,"gothic:guardian_table":1,"minecraft:acacia_leaves":1,"minecraft:red_wool":1,"minecraft:smoker":2,"undead_unleashed:ancient_dirt":2,"minecraft:crafting_table":4,"minecraft:blast_furnace":2,"undead_unleashed:grave_soil":2,"undead_unleashed:mossy_shaded_bricks":1,"gothic:magic_ore_deepslate":4,"minecraft:cobblestone":16,"minecraft:spruce_stairs":1,"gothic:magic_ore_stone":2,"minecraft:ice":2,"minecraft:spruce_log":7,"minecraft:gray_bed":1,"minecraft:grass":2,"minecraft:coal_ore":15,"minecraft:sand":16,"minecraft:gravel":7,"minecraft:chipped_anvil":2,"minecraft:deepslate":4},"minecraft:used":{"minecraft:spruce_planks":2,"minecraft:chest":1,"minecraft:shield":3,"minecraft:iron_sword":165,"minecraft:rotten_flesh":5,"minecraft:dirt":2,"minecraft:carrot":5,"minecraft:dark_oak_planks":9,"gothic:guardian_table":1,"minecraft:golden_carrot":4,"minecraft:dark_oak_boat":1,"minecraft:furnace":7,"minecraft:gray_bed":1,"minecraft:egg":1,"minecraft:cooked_beef":1,"minecraft:stone_pickaxe":51,"minecraft:diamond_axe":33,"minecraft:glow_berries":60,"gothic:meat_cooked":4,"minecraft:crafting_table":6,"minecraft:blast_furnace":1,"minecraft:spruce_log":1,"minecraft:diamond_shovel":23,"minecraft:bread":1,"minecraft:iron_pickaxe":228,"undead_unleashed:mossy_shaded_bricks":1,"minecraft:cobblestone":68},"minecraft:custom":{"minecraft:mob_kills":20,"minecraft:interact_with_crafting_table":19,"minecraft:open_barrel":35,"minecraft:leave_game":2,"minecraft:time_since_death":56618,"minecraft:climb_one_cm":1603,"minecraft:sprint_one_cm":167915,"minecraft:walk_one_cm":338549,"minecraft:damage_blocked_by_shield":610,"minecraft:drop":21,"minecraft:play_time":80606,"minecraft:sneak_time":2319,"minecraft:deaths":2,"minecraft:walk_under_water_one_cm":23327,"minecraft:jump":1285,"minecraft:interact_with_blast_furnace":1,"minecraft:walk_on_water_one_cm":41481,"minecraft:total_world_time":80606,"minecraft:interact_with_furnace":21,"minecraft:sleep_in_bed":1,"minecraft:time_since_rest":2728,"minecraft:damage_taken":1888,"minecraft:damage_dealt":6242,"minecraft:swim_one_cm":31859,"minecraft:fly_one_cm":253932,"minecraft:open_chest":19,"minecraft:crouch_one_cm":9404,"tombstone:undead_killed":9,"tombstone:villager_killed":1,"minecraft:interact_with_smoker":1,"minecraft:fall_one_cm":24275},"minecraft:crafted":{"minecraft:golden_carrot":30,"minecraft:dark_oak_boat":1,"minecraft:furnace":2,"minecraft:glass":16,"travelersbackpack:white_sleeping_bag":1,"minecraft:iron_boots":1,"minecraft:stone_pickaxe":1,"minecraft:chest":1,"minecraft:cooked_beef":3,"minecraft:diamond_axe":1,"minecraft:crafting_table":2,"minecraft:spruce_planks":36,"travelersbackpack:backpack_tank":2,"minecraft:iron_helmet":1,"travelersbackpack:standard":1,"minecraft:air":0,"minecraft:iron_chestplate":1,"minecraft:gold_nugget":270,"minecraft:shield":1,"minecraft:stick":8,"minecraft:iron_ingot":93,"minecraft:iron_leggings":1,"minecraft:gold_ingot":18},"minecraft:dropped":{"minecraft:enchanted_book":1,"minecraft:wheat_seeds":1,"minecraft:spruce_stairs":1,"minecraft:flint":1,"artifacts:thorn_pendant":1,"minecraft:dark_oak_fence":1,"minecraft:iron_leggings":1,"minecraft:white_wool":1,"minecraft:bone":2,"minecraft:gravel":6,"minecraft:cobbled_deepslate":2,"minecraft:tuff":2,"minecraft:rotten_flesh":9,"minecraft:spruce_planks":10,"gothic:cave_mushrooms":2,"minecraft:stone_pickaxe":1},"minecraft:broken":{"minecraft:iron_sword":1,"minecraft:iron_pickaxe":1},"minecraft:picked_up":{"minecraft:crafting_table":4,"minecraft:clay_ball":4,"artifacts:feral_claws":1,"minecraft:experience_bottle":1,"minecraft:cobbled_deepslate":2,"minecraft:beef":3,"minecraft:chest":1,"gothic:guardian_table":1,"minecraft:egg":1,"minecraft:furnace":5,"minecraft:raw_iron":50,"minecraft:spruce_stairs":1,"tombstone:grave_dust":1,"minecraft:carrot":30,"minecraft:dark_oak_planks":20,"tombstone:lollipop":2,"minecraft:arrow":3,"minecraft:rotten_flesh":9,"minecraft:iron_block":1,"create:asurine":28,"artifacts:cross_necklace":1,"create:veridium":15,"minecraft:cobblestone":112,"minecraft:white_wool":5,"minecraft:glow_ink_sac":2,"minecraft:leather":1,"minecraft:dark_oak_boat":1,"artifacts:thorn_pendant":1,"minecraft:smoker":2,"minecraft:flint":1,"minecraft:tuff":2,"create:raw_zinc":27,"gothic:magic_ore_nugget":16,"skilltree:gem":15,"minecraft:dirt":2,"artifacts:flippers":1,"minecraft:lantern":2,"minecraft:bone":10,"minecraft:chipped_anvil":2,"minecraft:wheat_seeds":1,"minecraft:gray_bed":1,"gothic:meat_cooked":8,"minecraft:gravel":6,"minecraft:sand":16,"minecraft:stripped_spruce_log":11,"undead_unleashed:grave_metal_scrap":4,"minecraft:blast_furnace":2,"minecraft:spruce_log":7,"gothic:cave_mushrooms":2,"minecraft:bundle":1,"minecraft:diamond":6,"undead_unleashed:mossy_shaded_bricks":1,"minecraft:emerald":3,"tombstone:magic_scroll":1,"minecraft:coal":15,"minecraft:dark_oak_fence":1}},"DataVersion":3120}