{"stats":{"minecraft:custom":{"minecraft:interact_with_crafting_table":1,"minecraft:open_barrel":40,"minecraft:bell_ring":1,"minecraft:leave_game":15,"minecraft:time_since_death":1049120,"minecraft:sprint_one_cm":341746,"minecraft:drop":74,"minecraft:talked_to_villager":8,"minecraft:play_time":1185492,"minecraft:deaths":4,"minecraft:jump":4139,"minecraft:walk_on_water_one_cm":178838,"minecraft:interact_with_furnace":1,"minecraft:interact_with_loom":1,"minecraft:damage_dealt":14448,"minecraft:crouch_one_cm":125867,"tombstone:undead_killed":3,"tombstone:villager_killed":3,"minecraft:horse_one_cm":90175,"minecraft:interact_with_anvil":7,"minecraft:mob_kills":24,"minecraft:inspect_hopper":9,"minecraft:climb_one_cm":5889,"minecraft:walk_one_cm":2017458,"minecraft:sneak_time":74736,"minecraft:walk_under_water_one_cm":748080,"minecraft:boat_one_cm":117360,"minecraft:total_world_time":1185492,"tombstone:raider_killed":1,"minecraft:time_since_rest":1049008,"minecraft:damage_taken":770,"minecraft:swim_one_cm":17386,"minecraft:fly_one_cm":7809750,"minecraft:open_chest":12,"minecraft:fall_one_cm":2544},"minecraft:used":{"cfm:stripped_dark_oak_park_bench":4,"cfm:oak_mail_box":1,"crittersandcompanions:dumbo_octopus_spawn_egg":1,"minecraft:writable_book":1,"minecraft:spruce_slab":974,"crittersandcompanions:ferret_spawn_egg":1,"minecraft:ladder":15,"cfm:black_grill":2,"create:oak_window_pane":2,"cfm:gray_sofa":10,"cfm:stripped_birch_upgraded_fence":2,"minecraft:chest":5,"cnb:minipad_spawn_egg":1,"minecraft:stone":31,"minecraft:farmland":4,"cfm:stripped_birch_coffee_table":1,"undead_unleashed:grave_metal_sword":13,"minecraft:white_candle":10,"cfm:dark_oak_desk":4,"cfm:oak_kitchen_sink_light":8,"minecraft:carrot":1,"gothic:fire_golem_spawn_egg":1,"cfm:oak_desk":5,"mca:wooden_upright_headstone":2,"minecraft:deepslate_tile_slab":607,"minecraft:stripped_spruce_log":39,"minecraft:milk_bucket":4,"minecraft:polished_blackstone_slab":2,"minecraft:packed_ice":1,"minecraft:lava_bucket":1,"minecraft:netherite_shovel":18,"create:spruce_window_pane":2,"minecraft:lantern":992,"minecraft:grass_block":883,"cfm:stripped_oak_kitchen_drawer":7,"cfm:stripped_oak_chair":41,"crittersandcompanions:shima_enaga_spawn_egg":1,"cfm:white_kitchen_counter":4,"minecraft:dark_oak_slab":8,"minecraft:stone_bricks":3107,"minecraft:stone_brick_stairs":46,"cfm:spruce_coffee_table":13,"minecraft:item_frame":5,"bossominium:ancient_remnant_boss_spawn_egg":1,"minecraft:repeater":35,"minecraft:redstone_lamp":63,"minecraft:infested_mossy_stone_bricks":8,"minecraft:furnace":1,"immersive_aircraft:biplane":4,"securitycraft:reinforced_stripped_oak_wood":1354,"minecraft:dark_oak_stairs":10,"minecraft:mossy_stone_bricks":22,"minecraft:damaged_anvil":1,"cfm:oak_park_bench":4,"minecraft:stripped_birch_log":2,"securitycraft:reinforced_spruce_planks":7,"minecraft:oak_planks":5,"cfm:black_cooler":3,"minecraft:sandstone":215,"minecraft:redstone_block":1,"minecraft:structure_void":6,"minecraft:oak_leaves":17,"minecraft:white_wool":19,"bossominium:hell_hound_boss_spawn_egg":2,"minecraft:sand":469,"minecraft:infested_chiseled_stone_bricks":6,"mca:female_villager_spawn_egg":15,"minecraft:purple_terracotta":1,"minecraft:blackstone_wall":4,"minecraft:stone_brick_wall":64,"cfm:spruce_table":2,"bossominium:end_stone_sentinel_boss_spawn_egg":1,"cfm:stripped_spruce_cabinet":1,"immersive_paintings:graffiti":10,"cfm:oak_chair":3,"minecraft:redstone_torch":63,"minecraft:sticky_piston":36,"minecraft:daylight_detector":60,"gothic:war_cudgel":9,"cfm:stripped_oak_coffee_table":32,"minecraft:barrier":107,"minecraft:stone_button":6,"cfm:oak_upgraded_fence":39,"create:andesite_casing":127,"cnb:cactem_spawn_egg":1,"minecraft:gravel":1,"minecraft:blackstone_slab":1,"cfm:stripped_jungle_chair":2,"cfm:oak_desk_cabinet":3,"mca:cross_headstone":2,"cfm:stripped_oak_crate":4,"minecraft:white_stained_glass":210,"minecraft:chain":1,"cfm:oak_upgraded_gate":3,"minecraft:coarse_dirt":7,"minecraft:petrified_oak_slab":26,"minecraft:netherite_sword":2,"minecraft:polished_blackstone_brick_slab":3,"born_in_chaos_v1:argillite_lamp":1,"minecraft:flint_and_steel":8,"minecraft:redstone":75,"minecraft:armor_stand":1,"cfm:stripped_oak_desk":15,"minecraft:stone_shovel":10,"smallships:dark_oak_brigg":1,"minecraft:spruce_planks":2090,"securitycraft:reinforced_nether_brick_slab":2,"cfm:spruce_bedside_cabinet":3,"create:polished_cut_deepslate_wall":7,"minecraft:structure_block":7,"cfm:stripped_oak_desk_cabinet":2,"minecraft:oak_door":2,"crittersandcompanions:red_panda_spawn_egg":1,"cfm:lime_kitchen_sink":1,"minecraft:torch":294,"minecraft:dirt":317,"crittersandcompanions:otter_spawn_egg":1,"minecraft:anvil":1,"minecraft:hopper":58,"minecraft:spruce_stairs":749,"minecraft:cobblestone_wall":7,"minecraft:spruce_fence":944,"bossominium:morsemancer_boss_spawn_egg":1,"gothic:deco_beliar_statue":5,"cnb:end_whale_spawn_egg":1,"minecraft:andesite_wall":2,"minecraft:mossy_cobblestone_stairs":6,"born_in_chaos_v1:supreme_measure":12,"minecraft:stone_brick_slab":35,"minecraft:dark_oak_planks":12,"minecraft:sea_lantern":805,"minecraft:chipped_anvil":1,"cfm:black_sofa":4,"cfm:oak_crate":3,"minecraft:bookshelf":2,"immersive_paintings:painting":19,"minecraft:yellow_stained_glass":225,"minecraft:rooted_dirt":37,"cfm:mangrove_chair":2,"mca:wooden_slanted_headstone":2,"minecraft:barrel":152,"cfm:stripped_jungle_table":6,"cfm:stripped_oak_upgraded_fence":165,"gothic:rough_ore_blade":16,"minecraft:glowstone":6,"cfm:birch_park_bench":6,"cfm:light_gray_kitchen_drawer":1,"cfm:fridge_light":5,"cfm:dark_oak_table":9,"gothic:urizel":1,"crittersandcompanions:jumping_spider_spawn_egg":1,"minecraft:observer":4,"mca:staff_of_life":1,"minecraft:wheat_seeds":22,"mca:male_villager_spawn_egg":3,"minecraft:water_bucket":2,"minecraft:cobblestone_stairs":19,"minecraft:dirt_path":22,"mca:grim_reaper_spawn_egg":1,"cfm:brown_cooler":3,"minecraft:polished_andesite":178,"cfm:cyan_kitchen_drawer":1,"gothic:wrath_of_innos":2,"cfm:oak_coffee_table":8,"minecraft:horse_spawn_egg":2,"cnb:lilytad_spawn_egg":1,"minecraft:cracked_stone_bricks":9,"cfm:spruce_chair":12,"minecraft:comparator":5,"minecraft:terracotta":51,"minecraft:oak_slab":130,"securitycraft:reinforced_red_stained_glass":88,"minecraft:campfire":1,"minecraft:white_bed":4,"cfm:acacia_coffee_table":6,"minecraft:infested_stone_bricks":3788,"cfm:spruce_upgraded_gate":2,"minecraft:oak_log":13,"mca:scythe":5,"minecraft:piston":28,"crittersandcompanions:dragonfly_spawn_egg":1,"minecraft:stripped_jungle_log":1,"man_of_many_planes:scarlet_biplane":2,"cnb:yeti_spawn_egg":1,"cfm:fridge_dark":1,"create:cut_scoria_slab":1,"bossominium:golden_ring_boss_spawn_egg":1,"minecraft:spruce_trapdoor":1242,"minecraft:chiseled_stone_bricks":75,"cfm:stripped_oak_table":41,"minecraft:potion":2,"cfm:spruce_park_bench":2,"cfm:stripped_oak_bedside_cabinet":3,"cfm:birch_blinds":1,"minecraft:yellow_bed":1,"cfm:stripped_oak_cabinet":4,"cfm:acacia_table":3,"cfm:stripped_oak_upgraded_gate":1,"minecraft:candle":25,"minecraft:splash_potion":19,"crittersandcompanions:sea_bunny_spawn_egg":2},"minecraft:picked_up":{"minecraft:wheat":2,"immersive_aircraft:hull_reinforcement":1,"immersive_aircraft:improved_landing_gear":4,"immersive_aircraft:bomb_bay":5,"minecraft:experience_bottle":1,"minecraft:oak_sign":23,"immersive_aircraft:propeller":3,"mca:engagement_ring":3,"minecraft:spruce_planks":1,"minecraft:redstone_torch":8,"cnb:yeti_antler":2,"born_in_chaos_v1:soulbane":1,"born_in_chaos_v1:phantom_powder":3,"minecraft:spruce_stairs":1,"tombstone:grave_dust":1,"minecraft:brown_carpet":25,"minecraft:rotten_flesh":8,"gothic:torturers_axe":1,"minecraft:cobblestone":2,"cnb:yeti_hide":2,"born_in_chaos_v1:dark_metal_armor_chestplate":1,"minecraft:dirt":192,"gothic:war_cudgel":1,"minecraft:lantern":84,"minecraft:name_tag":2,"minecraft:bone":5,"minecraft:orange_tulip":1,"minecraft:wheat_seeds":36,"minecraft:dark_oak_sign":2,"mca:comb":1,"mca:matchmakers_ring":2,"minecraft:oak_pressure_plate":2,"mca:needle_and_thread":1,"minecraft:sand":84,"minecraft:diamond_block":64,"born_in_chaos_v1:supreme_measure":3,"minecraft:diamond":126,"bossominium:the_bossdexium":1,"born_in_chaos_v1:nightmare_scythe":1,"minecraft:golden_apple":1,"minecraft:spruce_sign":17,"minecraft:emerald":135,"born_in_chaos_v1:river_mint":3,"minecraft:gold_block":1,"cfm:stripped_birch_coffee_table":1,"minecraft:cornflower":7,"minecraft:white_carpet":9,"immersive_aircraft:biplane":6,"minecraft:item_frame":2,"minecraft:netherite_scrap":3,"minecraft:white_stained_glass":1,"tombstone:impregnated_diamond":1,"securitycraft:reinforced_end_stone_brick_wall":1,"bossominium:hells_fur":1,"minecraft:spruce_trapdoor":2,"immersive_paintings:painting":1,"minecraft:sandstone":31,"born_in_chaos_v1:dark_metal_armor_helmet":1,"minecraft:spruce_fence":2,"minecraft:stone_button":1,"immersive_aircraft:rotary_cannon":1,"minecraft:redstone":3,"securitycraft:briefcase":1,"minecraft:stone_pressure_plate":2,"minecraft:jungle_sign":3,"minecraft:tnt":64,"man_of_many_planes:scarlet_biplane":2,"minecraft:gold_ingot":128,"minecraft:oxeye_daisy":2,"securitycraft:username_logger":1,"immersive_aircraft:nether_engine":5,"bossominium:all_seeing_crystal":1,"minecraft:ancient_debris":1,"minecraft:gunpowder":132,"born_in_chaos_v1:dark_metal_armor_leggings":1,"minecraft:kelp":29,"minecraft:yellow_stained_glass":1,"smallships:cannon":2,"minecraft:acacia_sapling":1,"immersive_aircraft:sturdy_pipes":4,"minecraft:dandelion":1,"born_in_chaos_v1:dark_metal_armor_boots":1,"immersive_aircraft:enhanced_propeller":4,"minecraft:infested_stone_bricks":1,"minecraft:firework_rocket":126,"minecraft:slime_ball":2,"minecraft:warped_roots":1,"minecraft:coal":372},"minecraft:killed_by":{"minecraft:zombie":2},"minecraft:dropped":{"undead_unleashed:grave_metal_chestplate":1,"mca:divorce_papers":1,"minecraft:cooked_beef":64,"immersive_paintings:painting":1,"minecraft:diamond":64,"mca:bouquet":2,"minecraft:saddle":1,"minecraft:emerald":128,"immersive_armors:steampunk_chestplate":1,"mca:staff_of_life":1,"mca:blueprint":1,"born_in_chaos_v1:dark_metal_armor_chestplate":1,"mca:comb":3,"bossominium:ruin_totem":1,"create:jungle_window_pane":1,"minecraft:gold_ingot":192,"immersive_aircraft:propeller":1,"create:dark_oak_window_pane":1,"create:oak_window_pane":1,"immersive_armors:steampunk_leggings":1,"minecraft:yellow_stained_glass":2,"born_in_chaos_v1:dark_metal_armor_boots":1,"minecraft:infested_stone_bricks":1,"mca:engagement_ring":3,"undead_unleashed:cracked_shaded_bricks":64,"born_in_chaos_v1:dark_metal_armor_helmet":1,"create:ornate_iron_window_pane":1,"undead_unleashed:grave_metal_helmet":1,"immersive_aircraft:hull_reinforcement":1,"create:birch_window_pane":1,"cfm:stripped_birch_coffee_table":1,"gothic:war_cudgel":2,"immersive_paintings:graffiti":1,"minecraft:apple":1,"immersive_armors:steampunk_boots":1,"minecraft:spruce_stairs":1,"minecraft:golden_apple":65,"create:spruce_window_pane":1,"born_in_chaos_v1:soulbane":1,"immersive_armors:steampunk_helmet":1,"born_in_chaos_v1:hound_trap":1,"gothic:torturers_axe":2,"born_in_chaos_v1:nightmare_scythe":1,"minecraft:name_tag":2,"undead_unleashed:grave_metal_boots":1,"minecraft:spruce_fence":2,"create:acacia_window_pane":1,"minecraft:spruce_planks":1,"minecraft:spruce_trapdoor":2,"mca:needle_and_thread":2,"undead_unleashed:moonlight_greatsword":1,"born_in_chaos_v1:dark_metal_armor_leggings":1,"born_in_chaos_v1:supreme_measure":4,"undead_unleashed:grave_metal_leggings":1,"minecraft:white_stained_glass":1},"minecraft:killed":{"items_to_mobs:redstone_bug":3,"bossominium:end_stone_sentinel_boss":1,"mca:grim_reaper":1,"cnb:end_whale":1,"cnb:yeti":1,"cnb:minipad":1,"minecraft:creeper":2,"minecraft:pillager":1,"minecraft:zombie":1,"born_in_chaos_v1:corpse_fly":4,"mca:male_villager":3,"bossominium:hell_hound_boss":1,"born_in_chaos_v1:maggot":1,"born_in_chaos_v1:swarmer":1,"born_in_chaos_v1:phantom_creeper_copy":2,"gothic:fire_golem":1},"minecraft:mined":{"minecraft:sand":1}},"DataVersion":3120}