{"stats":{"minecraft:killed_by":{"minecraft:zombie":2},"minecraft:picked_up":{"securitycraft:username_logger":1,"minecraft:wheat":1,"cnb:yeti_hide":2,"immersive_aircraft:nether_engine":5,"born_in_chaos_v1:river_mint":1,"minecraft:gold_block":1,"immersive_aircraft:hull_reinforcement":1,"born_in_chaos_v1:dark_metal_armor_chestplate":1,"bossominium:all_seeing_crystal":1,"minecraft:ancient_debris":1,"minecraft:gunpowder":128,"born_in_chaos_v1:dark_metal_armor_leggings":1,"minecraft:dirt":192,"immersive_aircraft:improved_landing_gear":4,"gothic:war_cudgel":1,"immersive_aircraft:biplane":6,"minecraft:name_tag":2,"minecraft:netherite_scrap":3,"immersive_aircraft:bomb_bay":4,"tombstone:impregnated_diamond":1,"minecraft:bone":5,"immersive_aircraft:propeller":3,"minecraft:wheat_seeds":13,"mca:engagement_ring":3,"smallships:cannon":2,"bossominium:hells_fur":1,"cnb:yeti_antler":2,"immersive_paintings:painting":1,"born_in_chaos_v1:soulbane":1,"mca:comb":1,"minecraft:sandstone":31,"born_in_chaos_v1:dark_metal_armor_helmet":1,"mca:matchmakers_ring":2,"immersive_aircraft:sturdy_pipes":4,"born_in_chaos_v1:dark_metal_armor_boots":1,"mca:needle_and_thread":1,"minecraft:sand":21,"immersive_aircraft:rotary_cannon":1,"minecraft:diamond_block":64,"securitycraft:briefcase":1,"immersive_aircraft:enhanced_propeller":4,"born_in_chaos_v1:supreme_measure":2,"minecraft:firework_rocket":126,"man_of_many_planes:scarlet_biplane":2,"minecraft:rotten_flesh":2,"minecraft:diamond":126,"gothic:torturers_axe":1,"born_in_chaos_v1:nightmare_scythe":1,"bossominium:the_bossdexium":1,"minecraft:golden_apple":1,"minecraft:gold_ingot":128,"minecraft:emerald":134,"minecraft:oxeye_daisy":1,"minecraft:coal":296,"minecraft:cobblestone":2},"minecraft:custom":{"minecraft:interact_with_anvil":7,"minecraft:mob_kills":10,"tombstone:raider_killed":1,"minecraft:open_barrel":1,"minecraft:bell_ring":1,"minecraft:leave_game":4,"minecraft:time_since_death":51999,"minecraft:climb_one_cm":1057,"minecraft:time_since_rest":51887,"minecraft:sprint_one_cm":107891,"minecraft:damage_taken":750,"minecraft:walk_one_cm":378318,"minecraft:drop":55,"minecraft:damage_dealt":12774,"minecraft:talked_to_villager":2,"minecraft:swim_one_cm":1624,"minecraft:fly_one_cm":1590285,"minecraft:open_chest":5,"tombstone:undead_killed":1,"minecraft:crouch_one_cm":29880,"minecraft:play_time":188371,"minecraft:deaths":4,"minecraft:sneak_time":10197,"minecraft:walk_under_water_one_cm":18680,"minecraft:boat_one_cm":117360,"tombstone:villager_killed":3,"minecraft:jump":1260,"minecraft:walk_on_water_one_cm":4277,"minecraft:total_world_time":188371,"minecraft:fall_one_cm":819,"minecraft:horse_one_cm":90175},"minecraft:killed":{"bossominium:hell_hound_boss":1,"bossominium:end_stone_sentinel_boss":1,"cnb:minipad":1,"minecraft:pillager":1,"gothic:fire_golem":1,"mca:male_villager":3,"mca:grim_reaper":1,"cnb:end_whale":1,"cnb:yeti":1},"minecraft:dropped":{"undead_unleashed:grave_metal_chestplate":1,"mca:divorce_papers":1,"immersive_aircraft:propeller":1,"minecraft:cooked_beef":64,"immersive_paintings:painting":1,"minecraft:diamond":64,"gothic:war_cudgel":2,"immersive_armors:steampunk_leggings":1,"mca:bouquet":2,"immersive_paintings:graffiti":1,"minecraft:apple":1,"minecraft:name_tag":2,"born_in_chaos_v1:dark_metal_armor_boots":1,"minecraft:saddle":1,"immersive_armors:steampunk_boots":1,"undead_unleashed:grave_metal_boots":1,"mca:engagement_ring":3,"minecraft:golden_apple":65,"minecraft:emerald":128,"immersive_armors:steampunk_chestplate":1,"mca:staff_of_life":1,"born_in_chaos_v1:soulbane":1,"mca:blueprint":1,"immersive_armors:steampunk_helmet":1,"born_in_chaos_v1:dark_metal_armor_chestplate":1,"mca:comb":3,"bossominium:ruin_totem":1,"undead_unleashed:cracked_shaded_bricks":64,"mca:needle_and_thread":2,"undead_unleashed:moonlight_greatsword":1,"born_in_chaos_v1:dark_metal_armor_leggings":1,"born_in_chaos_v1:dark_metal_armor_helmet":1,"born_in_chaos_v1:supreme_measure":3,"undead_unleashed:grave_metal_leggings":1,"undead_unleashed:grave_metal_helmet":1,"immersive_aircraft:hull_reinforcement":1,"born_in_chaos_v1:hound_trap":1,"gothic:torturers_axe":2,"minecraft:gold_ingot":192,"born_in_chaos_v1:nightmare_scythe":1},"minecraft:used":{"mca:male_villager_spawn_egg":3,"minecraft:netherite_sword":2,"crittersandcompanions:dumbo_octopus_spawn_egg":1,"minecraft:damaged_anvil":1,"minecraft:dirt_path":2,"mca:grim_reaper_spawn_egg":1,"minecraft:stripped_birch_log":2,"minecraft:polished_andesite":178,"crittersandcompanions:ferret_spawn_egg":1,"smallships:dark_oak_brigg":1,"cnb:minipad_spawn_egg":1,"minecraft:sandstone":162,"gothic:wrath_of_innos":2,"minecraft:horse_spawn_egg":2,"cnb:lilytad_spawn_egg":1,"crittersandcompanions:red_panda_spawn_egg":1,"bossominium:hell_hound_boss_spawn_egg":2,"minecraft:anvil":1,"minecraft:dirt":78,"minecraft:sand":170,"crittersandcompanions:otter_spawn_egg":1,"minecraft:terracotta":51,"mca:female_villager_spawn_egg":15,"gothic:fire_golem_spawn_egg":1,"minecraft:carrot":1,"minecraft:purple_terracotta":1,"bossominium:end_stone_sentinel_boss_spawn_egg":1,"bossominium:morsemancer_boss_spawn_egg":1,"cnb:end_whale_spawn_egg":1,"minecraft:oak_log":11,"mca:scythe":5,"born_in_chaos_v1:supreme_measure":4,"minecraft:packed_ice":1,"minecraft:chipped_anvil":1,"minecraft:lava_bucket":1,"crittersandcompanions:dragonfly_spawn_egg":1,"minecraft:stripped_jungle_log":1,"man_of_many_planes:scarlet_biplane":2,"immersive_paintings:painting":6,"gothic:war_cudgel":9,"minecraft:grass_block":321,"cnb:yeti_spawn_egg":1,"crittersandcompanions:shima_enaga_spawn_egg":1,"bossominium:golden_ring_boss_spawn_egg":1,"cnb:cactem_spawn_egg":1,"minecraft:stone_brick_stairs":1,"gothic:rough_ore_blade":16,"bossominium:ancient_remnant_boss_spawn_egg":1,"mca:cross_headstone":2,"gothic:urizel":1,"crittersandcompanions:jumping_spider_spawn_egg":1,"immersive_aircraft:biplane":4,"mca:staff_of_life":1,"crittersandcompanions:sea_bunny_spawn_egg":2}},"DataVersion":3120}