{"stats":{"minecraft:custom":{"minecraft:mob_kills":10,"minecraft:interact_with_anvil":7,"minecraft:interact_with_crafting_table":1,"minecraft:open_barrel":1,"minecraft:bell_ring":1,"minecraft:leave_game":4,"minecraft:time_since_death":73325,"minecraft:climb_one_cm":2638,"minecraft:sprint_one_cm":122128,"minecraft:walk_one_cm":442034,"minecraft:drop":55,"minecraft:talked_to_villager":2,"minecraft:play_time":209697,"minecraft:deaths":4,"minecraft:sneak_time":10756,"minecraft:walk_under_water_one_cm":21480,"minecraft:boat_one_cm":117360,"minecraft:jump":1358,"minecraft:walk_on_water_one_cm":4577,"minecraft:total_world_time":209697,"tombstone:raider_killed":1,"minecraft:time_since_rest":73213,"minecraft:damage_taken":750,"minecraft:damage_dealt":12774,"minecraft:swim_one_cm":1624,"minecraft:fly_one_cm":1675455,"minecraft:open_chest":5,"minecraft:crouch_one_cm":31080,"tombstone:undead_killed":1,"tombstone:villager_killed":3,"minecraft:fall_one_cm":819,"minecraft:horse_one_cm":90175},"minecraft:killed":{"bossominium:hell_hound_boss":1,"bossominium:end_stone_sentinel_boss":1,"mca:grim_reaper":1,"cnb:end_whale":1,"cnb:yeti":1,"cnb:minipad":1,"minecraft:pillager":1,"gothic:fire_golem":1,"mca:male_villager":3},"minecraft:dropped":{"undead_unleashed:grave_metal_chestplate":1,"mca:divorce_papers":1,"minecraft:cooked_beef":64,"immersive_paintings:painting":1,"minecraft:diamond":64,"gothic:war_cudgel":2,"mca:bouquet":2,"immersive_paintings:graffiti":1,"minecraft:apple":1,"minecraft:saddle":1,"immersive_armors:steampunk_boots":1,"minecraft:golden_apple":65,"minecraft:emerald":128,"immersive_armors:steampunk_chestplate":1,"mca:staff_of_life":1,"born_in_chaos_v1:soulbane":1,"mca:blueprint":1,"born_in_chaos_v1:dark_metal_armor_chestplate":1,"immersive_armors:steampunk_helmet":1,"mca:comb":3,"bossominium:ruin_totem":1,"born_in_chaos_v1:hound_trap":1,"gothic:torturers_axe":2,"minecraft:gold_ingot":192,"born_in_chaos_v1:nightmare_scythe":1,"immersive_aircraft:propeller":1,"immersive_armors:steampunk_leggings":1,"minecraft:name_tag":2,"born_in_chaos_v1:dark_metal_armor_boots":1,"undead_unleashed:grave_metal_boots":1,"mca:engagement_ring":3,"undead_unleashed:cracked_shaded_bricks":64,"mca:needle_and_thread":2,"undead_unleashed:moonlight_greatsword":1,"born_in_chaos_v1:dark_metal_armor_leggings":1,"born_in_chaos_v1:dark_metal_armor_helmet":1,"born_in_chaos_v1:supreme_measure":3,"undead_unleashed:grave_metal_leggings":1,"undead_unleashed:grave_metal_helmet":1,"immersive_aircraft:hull_reinforcement":1},"minecraft:used":{"cfm:oak_mail_box":1,"minecraft:netherite_sword":2,"crittersandcompanions:dumbo_octopus_spawn_egg":1,"cfm:stripped_oak_desk":3,"crittersandcompanions:ferret_spawn_egg":1,"smallships:dark_oak_brigg":1,"cnb:minipad_spawn_egg":1,"minecraft:farmland":4,"crittersandcompanions:red_panda_spawn_egg":1,"cfm:dark_oak_desk":4,"minecraft:dirt":78,"crittersandcompanions:otter_spawn_egg":1,"minecraft:anvil":1,"cfm:oak_kitchen_sink_light":1,"gothic:fire_golem_spawn_egg":1,"minecraft:carrot":1,"bossominium:morsemancer_boss_spawn_egg":1,"cnb:end_whale_spawn_egg":1,"born_in_chaos_v1:supreme_measure":4,"minecraft:packed_ice":1,"cfm:black_sofa":4,"minecraft:lava_bucket":1,"minecraft:chipped_anvil":1,"minecraft:lantern":8,"immersive_paintings:painting":8,"minecraft:grass_block":327,"cfm:stripped_oak_kitchen_drawer":3,"cfm:mangrove_chair":1,"crittersandcompanions:shima_enaga_spawn_egg":1,"minecraft:stone_brick_stairs":1,"minecraft:stone_bricks":1,"minecraft:item_frame":1,"cfm:stripped_oak_upgraded_fence":33,"gothic:rough_ore_blade":16,"bossominium:ancient_remnant_boss_spawn_egg":1,"cfm:fridge_light":1,"minecraft:furnace":1,"gothic:urizel":1,"crittersandcompanions:jumping_spider_spawn_egg":1,"immersive_aircraft:biplane":4,"mca:staff_of_life":1,"minecraft:wheat_seeds":22,"mca:male_villager_spawn_egg":3,"minecraft:water_bucket":2,"minecraft:damaged_anvil":1,"minecraft:dirt_path":2,"mca:grim_reaper_spawn_egg":1,"cfm:oak_park_bench":3,"minecraft:stripped_birch_log":2,"minecraft:polished_andesite":178,"minecraft:sandstone":162,"gothic:wrath_of_innos":2,"minecraft:horse_spawn_egg":2,"cnb:lilytad_spawn_egg":1,"minecraft:white_wool":15,"bossominium:hell_hound_boss_spawn_egg":2,"minecraft:sand":170,"minecraft:terracotta":51,"mca:female_villager_spawn_egg":15,"minecraft:purple_terracotta":1,"cfm:spruce_table":1,"bossominium:end_stone_sentinel_boss_spawn_egg":1,"cfm:oak_chair":3,"minecraft:oak_log":11,"mca:scythe":5,"crittersandcompanions:dragonfly_spawn_egg":1,"minecraft:stripped_jungle_log":1,"gothic:war_cudgel":9,"man_of_many_planes:scarlet_biplane":2,"cnb:yeti_spawn_egg":1,"bossominium:golden_ring_boss_spawn_egg":1,"minecraft:spruce_trapdoor":1,"cnb:cactem_spawn_egg":1,"cfm:stripped_oak_table":9,"cfm:spruce_park_bench":2,"mca:cross_headstone":2,"minecraft:yellow_bed":1,"crittersandcompanions:sea_bunny_spawn_egg":2},"minecraft:killed_by":{"minecraft:zombie":2},"minecraft:picked_up":{"minecraft:wheat":1,"born_in_chaos_v1:river_mint":1,"minecraft:gold_block":1,"immersive_aircraft:hull_reinforcement":1,"immersive_aircraft:improved_landing_gear":4,"immersive_aircraft:biplane":6,"minecraft:netherite_scrap":3,"minecraft:white_carpet":1,"minecraft:item_frame":1,"immersive_aircraft:bomb_bay":5,"minecraft:experience_bottle":1,"tombstone:impregnated_diamond":1,"immersive_aircraft:propeller":3,"mca:engagement_ring":3,"bossominium:hells_fur":1,"cnb:yeti_antler":2,"immersive_paintings:painting":1,"born_in_chaos_v1:soulbane":1,"minecraft:sandstone":31,"born_in_chaos_v1:dark_metal_armor_helmet":1,"immersive_aircraft:rotary_cannon":1,"securitycraft:briefcase":1,"minecraft:stone_pressure_plate":2,"minecraft:tnt":64,"man_of_many_planes:scarlet_biplane":2,"minecraft:rotten_flesh":3,"gothic:torturers_axe":1,"minecraft:gold_ingot":128,"minecraft:cobblestone":2,"minecraft:oxeye_daisy":1,"securitycraft:username_logger":1,"cnb:yeti_hide":2,"immersive_aircraft:nether_engine":5,"born_in_chaos_v1:dark_metal_armor_chestplate":1,"bossominium:all_seeing_crystal":1,"minecraft:ancient_debris":1,"minecraft:gunpowder":128,"born_in_chaos_v1:dark_metal_armor_leggings":1,"minecraft:lantern":5,"minecraft:dirt":192,"gothic:war_cudgel":1,"minecraft:name_tag":2,"minecraft:bone":5,"minecraft:wheat_seeds":13,"smallships:cannon":2,"minecraft:dark_oak_sign":2,"mca:comb":1,"mca:matchmakers_ring":2,"immersive_aircraft:sturdy_pipes":4,"born_in_chaos_v1:dark_metal_armor_boots":1,"mca:needle_and_thread":1,"minecraft:sand":21,"minecraft:diamond_block":64,"immersive_aircraft:enhanced_propeller":4,"born_in_chaos_v1:supreme_measure":2,"minecraft:firework_rocket":126,"minecraft:diamond":126,"born_in_chaos_v1:nightmare_scythe":1,"bossominium:the_bossdexium":1,"minecraft:golden_apple":1,"minecraft:spruce_sign":4,"minecraft:emerald":134,"minecraft:coal":372}},"DataVersion":3120}