{"stats":{"minecraft:used":{"cfm:stripped_dark_oak_park_bench":4,"minecraft:petrified_oak_slab":26,"minecraft:netherite_sword":2,"crittersandcompanions:dumbo_octopus_spawn_egg":1,"cfm:oak_mail_box":1,"born_in_chaos_v1:argillite_lamp":1,"cfm:stripped_oak_desk":15,"minecraft:spruce_slab":464,"crittersandcompanions:ferret_spawn_egg":1,"cfm:black_grill":2,"smallships:dark_oak_brigg":1,"cfm:stripped_birch_upgraded_fence":2,"cnb:minipad_spawn_egg":1,"minecraft:structure_block":4,"minecraft:farmland":4,"cfm:stripped_birch_coffee_table":1,"cfm:stripped_oak_desk_cabinet":2,"crittersandcompanions:red_panda_spawn_egg":1,"cfm:dark_oak_desk":4,"minecraft:dirt":92,"minecraft:anvil":1,"crittersandcompanions:otter_spawn_egg":1,"minecraft:hopper":58,"cfm:oak_kitchen_sink_light":2,"gothic:fire_golem_spawn_egg":1,"minecraft:carrot":1,"minecraft:spruce_fence":360,"bossominium:morsemancer_boss_spawn_egg":1,"minecraft:milk_bucket":2,"cnb:end_whale_spawn_egg":1,"born_in_chaos_v1:supreme_measure":4,"minecraft:stone_brick_slab":24,"minecraft:packed_ice":1,"minecraft:sea_lantern":16,"cfm:black_sofa":4,"minecraft:lava_bucket":1,"minecraft:chipped_anvil":1,"immersive_paintings:painting":8,"minecraft:lantern":235,"minecraft:grass_block":396,"cfm:stripped_oak_kitchen_drawer":4,"cfm:mangrove_chair":1,"cfm:stripped_oak_chair":10,"crittersandcompanions:shima_enaga_spawn_egg":1,"minecraft:stone_brick_stairs":1,"minecraft:stone_bricks":10,"minecraft:item_frame":1,"cfm:stripped_oak_upgraded_fence":127,"bossominium:ancient_remnant_boss_spawn_egg":1,"minecraft:glowstone":6,"gothic:rough_ore_blade":16,"minecraft:redstone_lamp":63,"cfm:birch_park_bench":6,"cfm:fridge_light":3,"minecraft:furnace":1,"gothic:urizel":1,"crittersandcompanions:jumping_spider_spawn_egg":1,"immersive_aircraft:biplane":4,"mca:staff_of_life":1,"minecraft:wheat_seeds":22,"mca:male_villager_spawn_egg":3,"minecraft:water_bucket":2,"minecraft:damaged_anvil":1,"minecraft:dirt_path":4,"mca:grim_reaper_spawn_egg":1,"cfm:oak_park_bench":3,"minecraft:stripped_birch_log":2,"minecraft:polished_andesite":178,"minecraft:oak_planks":2,"minecraft:sandstone":162,"gothic:wrath_of_innos":2,"minecraft:horse_spawn_egg":2,"cnb:lilytad_spawn_egg":1,"minecraft:oak_leaves":17,"minecraft:white_wool":15,"bossominium:hell_hound_boss_spawn_egg":2,"minecraft:sand":171,"minecraft:terracotta":51,"minecraft:oak_slab":9,"mca:female_villager_spawn_egg":15,"minecraft:purple_terracotta":1,"minecraft:stone_brick_wall":61,"cfm:spruce_table":2,"bossominium:end_stone_sentinel_boss_spawn_egg":1,"cfm:spruce_upgraded_gate":2,"cfm:oak_chair":3,"minecraft:oak_log":11,"mca:scythe":5,"crittersandcompanions:dragonfly_spawn_egg":1,"minecraft:daylight_detector":60,"minecraft:stripped_jungle_log":1,"man_of_many_planes:scarlet_biplane":2,"gothic:war_cudgel":9,"cnb:yeti_spawn_egg":1,"bossominium:golden_ring_boss_spawn_egg":1,"minecraft:spruce_trapdoor":811,"cnb:cactem_spawn_egg":1,"minecraft:chiseled_stone_bricks":75,"cfm:stripped_oak_table":19,"cfm:spruce_park_bench":2,"mca:cross_headstone":2,"cfm:birch_blinds":1,"minecraft:yellow_bed":1,"minecraft:coarse_dirt":1,"cfm:stripped_oak_upgraded_gate":1,"minecraft:splash_potion":16,"crittersandcompanions:sea_bunny_spawn_egg":2},"minecraft:custom":{"minecraft:mob_kills":10,"minecraft:interact_with_anvil":7,"minecraft:inspect_hopper":9,"minecraft:interact_with_crafting_table":1,"minecraft:open_barrel":1,"minecraft:bell_ring":1,"minecraft:leave_game":7,"minecraft:time_since_death":230377,"minecraft:climb_one_cm":2638,"minecraft:sprint_one_cm":147534,"minecraft:walk_one_cm":697268,"minecraft:drop":58,"minecraft:talked_to_villager":2,"minecraft:play_time":366749,"minecraft:deaths":4,"minecraft:sneak_time":23889,"minecraft:walk_under_water_one_cm":21865,"minecraft:boat_one_cm":117360,"minecraft:jump":2048,"minecraft:walk_on_water_one_cm":5271,"minecraft:total_world_time":366749,"tombstone:raider_killed":1,"minecraft:time_since_rest":230265,"minecraft:damage_taken":770,"minecraft:damage_dealt":12784,"minecraft:swim_one_cm":2992,"minecraft:fly_one_cm":2640802,"minecraft:open_chest":6,"minecraft:crouch_one_cm":50766,"tombstone:undead_killed":1,"tombstone:villager_killed":3,"minecraft:fall_one_cm":2544,"minecraft:horse_one_cm":90175},"minecraft:dropped":{"cfm:stripped_birch_coffee_table":1,"undead_unleashed:grave_metal_chestplate":1,"mca:divorce_papers":1,"immersive_paintings:painting":1,"minecraft:cooked_beef":64,"minecraft:diamond":64,"gothic:war_cudgel":2,"mca:bouquet":2,"immersive_paintings:graffiti":1,"minecraft:apple":1,"minecraft:saddle":1,"immersive_armors:steampunk_boots":1,"minecraft:golden_apple":65,"minecraft:emerald":128,"immersive_armors:steampunk_chestplate":1,"mca:staff_of_life":1,"born_in_chaos_v1:soulbane":1,"born_in_chaos_v1:dark_metal_armor_chestplate":1,"mca:blueprint":1,"immersive_armors:steampunk_helmet":1,"mca:comb":3,"bossominium:ruin_totem":1,"born_in_chaos_v1:hound_trap":1,"gothic:torturers_axe":2,"minecraft:gold_ingot":192,"born_in_chaos_v1:nightmare_scythe":1,"immersive_aircraft:propeller":1,"immersive_armors:steampunk_leggings":1,"minecraft:name_tag":2,"born_in_chaos_v1:dark_metal_armor_boots":1,"undead_unleashed:grave_metal_boots":1,"minecraft:spruce_fence":1,"mca:engagement_ring":3,"minecraft:spruce_trapdoor":1,"undead_unleashed:cracked_shaded_bricks":64,"mca:needle_and_thread":2,"undead_unleashed:moonlight_greatsword":1,"born_in_chaos_v1:dark_metal_armor_leggings":1,"born_in_chaos_v1:dark_metal_armor_helmet":1,"born_in_chaos_v1:supreme_measure":3,"undead_unleashed:grave_metal_leggings":1,"undead_unleashed:grave_metal_helmet":1,"immersive_aircraft:hull_reinforcement":1},"minecraft:killed_by":{"minecraft:zombie":2},"minecraft:killed":{"bossominium:hell_hound_boss":1,"bossominium:end_stone_sentinel_boss":1,"mca:grim_reaper":1,"cnb:end_whale":1,"cnb:yeti":1,"cnb:minipad":1,"minecraft:pillager":1,"gothic:fire_golem":1,"mca:male_villager":3},"minecraft:picked_up":{"minecraft:wheat":2,"born_in_chaos_v1:river_mint":1,"cfm:stripped_birch_coffee_table":1,"minecraft:gold_block":1,"immersive_aircraft:hull_reinforcement":1,"immersive_aircraft:improved_landing_gear":4,"immersive_aircraft:biplane":6,"minecraft:netherite_scrap":3,"minecraft:white_carpet":1,"minecraft:item_frame":2,"immersive_aircraft:bomb_bay":5,"tombstone:impregnated_diamond":1,"minecraft:experience_bottle":1,"minecraft:oak_sign":9,"immersive_aircraft:propeller":3,"mca:engagement_ring":3,"bossominium:hells_fur":1,"cnb:yeti_antler":2,"minecraft:spruce_trapdoor":1,"born_in_chaos_v1:soulbane":1,"immersive_paintings:painting":1,"minecraft:sandstone":31,"born_in_chaos_v1:dark_metal_armor_helmet":1,"minecraft:spruce_fence":1,"immersive_aircraft:rotary_cannon":1,"securitycraft:briefcase":1,"minecraft:stone_pressure_plate":2,"minecraft:brown_carpet":4,"minecraft:tnt":64,"man_of_many_planes:scarlet_biplane":2,"minecraft:rotten_flesh":3,"gothic:torturers_axe":1,"minecraft:gold_ingot":128,"minecraft:cobblestone":2,"minecraft:oxeye_daisy":1,"securitycraft:username_logger":1,"cnb:yeti_hide":2,"immersive_aircraft:nether_engine":5,"born_in_chaos_v1:dark_metal_armor_chestplate":1,"bossominium:all_seeing_crystal":1,"minecraft:ancient_debris":1,"minecraft:gunpowder":128,"born_in_chaos_v1:dark_metal_armor_leggings":1,"minecraft:dirt":192,"minecraft:lantern":10,"gothic:war_cudgel":1,"minecraft:name_tag":2,"minecraft:bone":5,"minecraft:wheat_seeds":23,"smallships:cannon":2,"minecraft:dark_oak_sign":2,"mca:matchmakers_ring":2,"mca:comb":1,"immersive_aircraft:sturdy_pipes":4,"minecraft:oak_pressure_plate":1,"born_in_chaos_v1:dark_metal_armor_boots":1,"mca:needle_and_thread":1,"minecraft:sand":21,"minecraft:diamond_block":64,"immersive_aircraft:enhanced_propeller":4,"born_in_chaos_v1:supreme_measure":2,"minecraft:firework_rocket":126,"minecraft:diamond":126,"born_in_chaos_v1:nightmare_scythe":1,"bossominium:the_bossdexium":1,"minecraft:golden_apple":1,"minecraft:spruce_sign":4,"minecraft:emerald":135,"minecraft:coal":372}},"DataVersion":3120}