{"stats":{"minecraft:dropped":{"cfm:stripped_birch_coffee_table":1,"undead_unleashed:grave_metal_chestplate":1,"mca:divorce_papers":1,"minecraft:cooked_beef":64,"immersive_paintings:painting":1,"minecraft:diamond":64,"gothic:war_cudgel":2,"mca:bouquet":2,"immersive_paintings:graffiti":1,"minecraft:apple":1,"minecraft:saddle":1,"immersive_armors:steampunk_boots":1,"minecraft:golden_apple":65,"minecraft:emerald":128,"immersive_armors:steampunk_chestplate":1,"mca:staff_of_life":1,"born_in_chaos_v1:soulbane":1,"born_in_chaos_v1:dark_metal_armor_chestplate":1,"mca:blueprint":1,"immersive_armors:steampunk_helmet":1,"mca:comb":3,"bossominium:ruin_totem":1,"born_in_chaos_v1:hound_trap":1,"gothic:torturers_axe":2,"minecraft:gold_ingot":192,"born_in_chaos_v1:nightmare_scythe":1,"immersive_aircraft:propeller":1,"immersive_armors:steampunk_leggings":1,"minecraft:name_tag":2,"born_in_chaos_v1:dark_metal_armor_boots":1,"undead_unleashed:grave_metal_boots":1,"minecraft:spruce_fence":2,"mca:engagement_ring":3,"minecraft:spruce_trapdoor":2,"minecraft:spruce_planks":1,"undead_unleashed:cracked_shaded_bricks":64,"mca:needle_and_thread":2,"undead_unleashed:moonlight_greatsword":1,"born_in_chaos_v1:dark_metal_armor_leggings":1,"born_in_chaos_v1:dark_metal_armor_helmet":1,"born_in_chaos_v1:supreme_measure":3,"undead_unleashed:grave_metal_leggings":1,"undead_unleashed:grave_metal_helmet":1,"immersive_aircraft:hull_reinforcement":1},"minecraft:killed_by":{"minecraft:zombie":2},"minecraft:custom":{"minecraft:mob_kills":15,"minecraft:interact_with_anvil":7,"minecraft:inspect_hopper":9,"minecraft:interact_with_crafting_table":1,"minecraft:open_barrel":9,"minecraft:bell_ring":1,"minecraft:leave_game":10,"minecraft:time_since_death":367121,"minecraft:climb_one_cm":4038,"minecraft:sprint_one_cm":202211,"minecraft:walk_one_cm":1008169,"minecraft:drop":61,"minecraft:talked_to_villager":3,"minecraft:play_time":503493,"minecraft:deaths":4,"minecraft:sneak_time":29383,"minecraft:walk_under_water_one_cm":23240,"minecraft:boat_one_cm":117360,"minecraft:jump":2491,"minecraft:walk_on_water_one_cm":6036,"minecraft:total_world_time":503493,"tombstone:raider_killed":1,"minecraft:time_since_rest":367009,"minecraft:damage_taken":770,"minecraft:damage_dealt":13318,"minecraft:swim_one_cm":2992,"minecraft:fly_one_cm":3352133,"minecraft:open_chest":6,"minecraft:crouch_one_cm":60008,"tombstone:undead_killed":2,"tombstone:villager_killed":3,"minecraft:fall_one_cm":2544,"minecraft:horse_one_cm":90175},"minecraft:killed":{"bossominium:hell_hound_boss":1,"bossominium:end_stone_sentinel_boss":1,"mca:grim_reaper":1,"cnb:end_whale":1,"cnb:yeti":1,"born_in_chaos_v1:swarmer":1,"cnb:minipad":1,"minecraft:pillager":1,"born_in_chaos_v1:corpse_fly":4,"gothic:fire_golem":1,"mca:male_villager":3},"minecraft:mined":{"minecraft:sand":1},"minecraft:picked_up":{"minecraft:wheat":2,"born_in_chaos_v1:river_mint":1,"cfm:stripped_birch_coffee_table":1,"minecraft:gold_block":1,"immersive_aircraft:hull_reinforcement":1,"immersive_aircraft:improved_landing_gear":4,"immersive_aircraft:biplane":6,"minecraft:netherite_scrap":3,"minecraft:white_carpet":9,"minecraft:item_frame":2,"immersive_aircraft:bomb_bay":5,"tombstone:impregnated_diamond":1,"minecraft:experience_bottle":1,"minecraft:oak_sign":23,"immersive_aircraft:propeller":3,"mca:engagement_ring":3,"minecraft:spruce_planks":1,"bossominium:hells_fur":1,"cnb:yeti_antler":2,"minecraft:spruce_trapdoor":2,"born_in_chaos_v1:soulbane":1,"immersive_paintings:painting":1,"minecraft:sandstone":31,"born_in_chaos_v1:dark_metal_armor_helmet":1,"minecraft:spruce_fence":2,"immersive_aircraft:rotary_cannon":1,"tombstone:grave_dust":1,"securitycraft:briefcase":1,"minecraft:stone_pressure_plate":2,"minecraft:jungle_sign":3,"minecraft:brown_carpet":25,"minecraft:tnt":64,"man_of_many_planes:scarlet_biplane":2,"minecraft:rotten_flesh":8,"gothic:torturers_axe":1,"minecraft:gold_ingot":128,"minecraft:cobblestone":2,"minecraft:oxeye_daisy":1,"securitycraft:username_logger":1,"cnb:yeti_hide":2,"immersive_aircraft:nether_engine":5,"born_in_chaos_v1:dark_metal_armor_chestplate":1,"bossominium:all_seeing_crystal":1,"minecraft:ancient_debris":1,"minecraft:gunpowder":128,"born_in_chaos_v1:dark_metal_armor_leggings":1,"minecraft:dirt":192,"minecraft:lantern":27,"gothic:war_cudgel":1,"minecraft:name_tag":2,"minecraft:bone":5,"minecraft:wheat_seeds":25,"smallships:cannon":2,"minecraft:dark_oak_sign":2,"mca:matchmakers_ring":2,"mca:comb":1,"immersive_aircraft:sturdy_pipes":4,"minecraft:oak_pressure_plate":2,"born_in_chaos_v1:dark_metal_armor_boots":1,"mca:needle_and_thread":1,"minecraft:sand":70,"minecraft:diamond_block":64,"immersive_aircraft:enhanced_propeller":4,"born_in_chaos_v1:supreme_measure":2,"minecraft:firework_rocket":126,"minecraft:slime_ball":2,"minecraft:diamond":126,"born_in_chaos_v1:nightmare_scythe":1,"bossominium:the_bossdexium":1,"minecraft:golden_apple":1,"minecraft:spruce_sign":17,"minecraft:emerald":135,"minecraft:coal":372},"minecraft:used":{"cfm:stripped_dark_oak_park_bench":4,"minecraft:petrified_oak_slab":26,"minecraft:netherite_sword":2,"crittersandcompanions:dumbo_octopus_spawn_egg":1,"cfm:oak_mail_box":1,"born_in_chaos_v1:argillite_lamp":1,"cfm:stripped_oak_desk":15,"minecraft:spruce_slab":511,"crittersandcompanions:ferret_spawn_egg":1,"cfm:black_grill":2,"smallships:dark_oak_brigg":1,"cfm:gray_sofa":10,"minecraft:spruce_planks":222,"cfm:stripped_birch_upgraded_fence":2,"cnb:minipad_spawn_egg":1,"cfm:lime_kitchen_sink":1,"minecraft:structure_block":4,"cfm:stripped_oak_desk_cabinet":2,"minecraft:farmland":4,"cfm:stripped_birch_coffee_table":1,"minecraft:oak_door":2,"undead_unleashed:grave_metal_sword":13,"crittersandcompanions:red_panda_spawn_egg":1,"cfm:dark_oak_desk":4,"minecraft:dirt":93,"minecraft:anvil":1,"crittersandcompanions:otter_spawn_egg":1,"minecraft:hopper":58,"cfm:oak_kitchen_sink_light":8,"minecraft:spruce_stairs":132,"gothic:fire_golem_spawn_egg":1,"minecraft:carrot":1,"minecraft:spruce_fence":410,"bossominium:morsemancer_boss_spawn_egg":1,"minecraft:milk_bucket":2,"cnb:end_whale_spawn_egg":1,"born_in_chaos_v1:supreme_measure":4,"minecraft:stone_brick_slab":24,"minecraft:packed_ice":1,"minecraft:sea_lantern":16,"cfm:black_sofa":4,"minecraft:lava_bucket":1,"minecraft:chipped_anvil":1,"minecraft:bookshelf":2,"immersive_paintings:painting":9,"minecraft:lantern":280,"minecraft:grass_block":396,"cfm:stripped_oak_kitchen_drawer":7,"cfm:mangrove_chair":1,"cfm:stripped_oak_chair":41,"crittersandcompanions:shima_enaga_spawn_egg":1,"cfm:white_kitchen_counter":4,"minecraft:barrel":40,"minecraft:stone_brick_stairs":1,"cfm:spruce_coffee_table":13,"minecraft:stone_bricks":181,"cfm:stripped_jungle_table":6,"minecraft:item_frame":1,"cfm:stripped_oak_upgraded_fence":165,"cfm:light_gray_kitchen_drawer":1,"bossominium:ancient_remnant_boss_spawn_egg":1,"minecraft:glowstone":6,"gothic:rough_ore_blade":16,"minecraft:redstone_lamp":63,"cfm:birch_park_bench":6,"cfm:fridge_light":4,"cfm:dark_oak_table":9,"minecraft:furnace":1,"gothic:urizel":1,"crittersandcompanions:jumping_spider_spawn_egg":1,"immersive_aircraft:biplane":4,"securitycraft:reinforced_stripped_oak_wood":193,"mca:staff_of_life":1,"minecraft:wheat_seeds":22,"mca:male_villager_spawn_egg":3,"minecraft:water_bucket":2,"minecraft:damaged_anvil":1,"minecraft:dirt_path":12,"mca:grim_reaper_spawn_egg":1,"cfm:oak_park_bench":3,"minecraft:stripped_birch_log":2,"minecraft:polished_andesite":178,"minecraft:oak_planks":4,"minecraft:sandstone":162,"gothic:wrath_of_innos":2,"minecraft:horse_spawn_egg":2,"cnb:lilytad_spawn_egg":1,"minecraft:oak_leaves":17,"minecraft:white_wool":19,"bossominium:hell_hound_boss_spawn_egg":2,"cfm:spruce_chair":9,"minecraft:sand":292,"minecraft:terracotta":51,"minecraft:oak_slab":129,"mca:female_villager_spawn_egg":15,"cfm:acacia_coffee_table":6,"minecraft:purple_terracotta":1,"minecraft:stone_brick_wall":62,"cfm:spruce_table":2,"bossominium:end_stone_sentinel_boss_spawn_egg":1,"cfm:spruce_upgraded_gate":2,"cfm:oak_chair":3,"minecraft:oak_log":13,"mca:scythe":5,"crittersandcompanions:dragonfly_spawn_egg":1,"minecraft:daylight_detector":60,"minecraft:stripped_jungle_log":1,"man_of_many_planes:scarlet_biplane":2,"cfm:stripped_oak_coffee_table":32,"gothic:war_cudgel":9,"cnb:yeti_spawn_egg":1,"cfm:oak_upgraded_fence":38,"bossominium:golden_ring_boss_spawn_egg":1,"minecraft:spruce_trapdoor":894,"cnb:cactem_spawn_egg":1,"minecraft:chiseled_stone_bricks":75,"cfm:oak_desk_cabinet":3,"cfm:stripped_jungle_chair":2,"cfm:stripped_oak_table":41,"minecraft:potion":1,"mca:cross_headstone":2,"cfm:spruce_park_bench":2,"cfm:acacia_table":3,"cfm:oak_upgraded_gate":3,"minecraft:chain":1,"cfm:birch_blinds":1,"minecraft:yellow_bed":1,"cfm:stripped_oak_cabinet":3,"minecraft:coarse_dirt":1,"cfm:stripped_oak_upgraded_gate":1,"minecraft:splash_potion":16,"crittersandcompanions:sea_bunny_spawn_egg":2}},"DataVersion":3120}