{"stats":{"minecraft:broken":{"minecraft:shield":1,"minecraft:iron_sword":1,"minecraft:iron_pickaxe":1,"minecraft:wooden_axe":1},"minecraft:killed_by":{"born_in_chaos_v1:nightmare_stalker":2,"born_in_chaos_v1:zombie_lumberjack":1,"gothic:cave_molerat":1,"artifacts:mimic":1,"minecraft:zombie":1,"born_in_chaos_v1:scarlet_persecutor":1,"born_in_chaos_v1:dread_hound":1},"minecraft:picked_up":{"minecraft:crafting_table":9,"born_in_chaos_v1:diamond_termite_shard":5,"minecraft:wheat":2,"undead_unleashed:cursed_cloth":1,"minecraft:enchanted_book":2,"minecraft:amethyst_block":2,"minecraft:string":4,"minecraft:raw_copper":64,"gothic:miners_food":2,"born_in_chaos_v1:intoxicating_decoction":1,"minecraft:item_frame":2,"minecraft:cobbled_deepslate":631,"minecraft:bucket":1,"minecraft:beef":8,"born_in_chaos_v1:gnawed_bones":1,"minecraft:calcite":6,"minecraft:coal_block":39,"minecraft:sugar_cane":4,"minecraft:furnace":4,"minecraft:egg":3,"minecraft:raw_iron":145,"minecraft:stick":14,"minecraft:acacia_fence":1,"minecraft:torch":19,"gothic:tall_mushrooms":3,"minecraft:acacia_log":17,"artifacts:vampiric_glove":1,"minecraft:porkchop":17,"tombstone:grave_dust":12,"born_in_chaos_v1:nightmare_claw":2,"born_in_chaos_v1:pieceofdarkmetal":2,"minecraft:redstone":152,"tombstone:lollipop":1,"minecraft:arrow":11,"minecraft:light_gray_bed":4,"artifacts:lucky_scarf":1,"minecraft:rotten_flesh":40,"create:asurine":64,"minecraft:gold_ingot":1,"minecraft:white_wool":7,"minecraft:mutton":6,"minecraft:obsidian":5,"minecraft:rail":2,"minecraft:cobblestone":530,"born_in_chaos_v1:fused_bone":1,"minecraft:birch_log":2,"born_in_chaos_v1:corpse_maggot":8,"minecraft:cooked_beef":4,"born_in_chaos_v1:monster_flesh":3,"artifacts:digging_claws":1,"minecraft:leather":6,"minecraft:acacia_wood":3,"minecraft:flint":1,"minecraft:tuff":139,"create:raw_zinc":50,"minecraft:oak_log":6,"gothic:magic_ore_nugget":32,"minecraft:acacia_boat":1,"skilltree:gem":55,"minecraft:lapis_lazuli":111,"minecraft:dirt":4,"artifacts:flippers":1,"born_in_chaos_v1:monster_skin":7,"born_in_chaos_v1:marigolds":1,"minecraft:bone":14,"minecraft:wheat_seeds":8,"minecraft:raw_gold":21,"minecraft:iron_ingot":3,"minecraft:stone_pickaxe":4,"artifacts:kitty_slippers":2,"minecraft:oak_planks":2,"minecraft:gray_bed":1,"minecraft:iron_sword":1,"travelersbackpack:blank_upgrade":2,"minecraft:smooth_basalt":2,"born_in_chaos_v1:ethereal_spirit":2,"minecraft:gravel":31,"minecraft:lava_bucket":1,"minecraft:sand":12,"minecraft:amethyst_shard":64,"undead_unleashed:grave_metal_scrap":12,"minecraft:spruce_log":22,"minecraft:spider_eye":1,"minecraft:mossy_cobblestone":5,"travelersbackpack:standard":1,"create:crimsite":2,"minecraft:diamond":36,"minecraft:crossbow":1,"undead_unleashed:grave_metal_axe":1,"minecraft:bread":8,"tombstone:magic_scroll":3,"minecraft:coal":60},"minecraft:used":{"minecraft:shield":98,"minecraft:iron_sword":294,"minecraft:cooked_salmon":10,"gothic:tall_mushrooms":3,"gothic:miners_food":1,"minecraft:torch":248,"securitycraft:keypad_item":1,"undead_unleashed:grave_metal_axe":69,"minecraft:tuff":9,"minecraft:wooden_axe":30,"minecraft:iron_axe":137,"minecraft:furnace":3,"tombstone:gift":6,"minecraft:light_gray_bed":3,"minecraft:cooked_beef":8,"minecraft:cobbled_deepslate":177,"minecraft:cooked_mutton":3,"minecraft:acacia_boat":1,"minecraft:water_bucket":9,"minecraft:amethyst_block":2,"minecraft:stone_pickaxe":159,"minecraft:wooden_pickaxe":11,"gothic:lamb_sausage":1,"minecraft:crafting_table":13,"tombstone:bag_of_seeds":1,"minecraft:diamond_pickaxe":1681,"minecraft:bread":3,"minecraft:iron_pickaxe":247,"tombstone:grave_key":1,"minecraft:gravel":8,"minecraft:stone_axe":45,"minecraft:coal_block":12,"travelersbackpack:standard":2,"minecraft:cobblestone":372,"minecraft:cooked_porkchop":3,"minecraft:bucket":19,"minecraft:birch_log":1,"minecraft:oak_boat":1},"minecraft:killed":{"born_in_chaos_v1:zombie_clown":1,"born_in_chaos_v1:zombie_lumberjack":2,"born_in_chaos_v1:skeleton_demoman":1,"minecraft:spider":3,"born_in_chaos_v1:siamese_skeletonsright":2,"born_in_chaos_v1:zombie_bruiser":3,"born_in_chaos_v1:maggot":7,"minecraft:skeleton":16,"minecraft:silverfish":4,"gothic:cave_molerat":1,"artifacts:mimic":5,"minecraft:pig":8,"born_in_chaos_v1:diamond_termite":5,"born_in_chaos_v1:decrepit_skeleton":2,"minecraft:sheep":5,"minecraft:zombie":25,"born_in_chaos_v1:dread_hound":1,"born_in_chaos_v1:corpse_fly":7,"born_in_chaos_v1:nightmare_stalker":1,"undead_unleashed:haunter":1,"born_in_chaos_v1:door_knight":1,"born_in_chaos_v1:siamese_skeletonsleft":1,"minecraft:cow":4},"minecraft:crafted":{"minecraft:oak_planks":16,"minecraft:coal":54,"minecraft:furnace":1,"minecraft:stone_button":16,"minecraft:stone":16,"securitycraft:keypad_item":1,"minecraft:heavy_weighted_pressure_plate":1,"travelersbackpack:gold_tier_upgrade":1,"minecraft:cooked_mutton":3,"minecraft:glass":12,"travelersbackpack:white_sleeping_bag":1,"minecraft:diamond_helmet":1,"minecraft:diamond_leggings":1,"minecraft:iron_axe":2,"minecraft:stone_pickaxe":2,"minecraft:chest":1,"minecraft:diamond_boots":1,"minecraft:cooked_beef":4,"travelersbackpack:iron_tier_upgrade":1,"minecraft:cooked_porkchop":3,"minecraft:crafting_table":6,"minecraft:spruce_planks":72,"minecraft:iron_helmet":1,"travelersbackpack:backpack_tank":2,"minecraft:wooden_pickaxe":1,"travelersbackpack:standard":2,"minecraft:iron_sword":1,"minecraft:cooked_salmon":11,"minecraft:stone_axe":1,"minecraft:air":0,"minecraft:acacia_boat":1,"minecraft:oak_boat":1,"minecraft:iron_chestplate":1,"minecraft:diamond_pickaxe":2,"minecraft:shield":2,"minecraft:stick":96,"minecraft:iron_ingot":58,"minecraft:iron_pickaxe":1,"minecraft:wooden_axe":1,"minecraft:iron_leggings":1,"minecraft:gold_ingot":19,"minecraft:acacia_planks":80,"minecraft:torch":252,"minecraft:diamond_chestplate":1},"minecraft:mined":{"minecraft:large_amethyst_bud":2,"create:deepslate_zinc_ore":50,"minecraft:tuff":149,"minecraft:mossy_cobblestone":6,"minecraft:deepslate_diamond_ore":31,"minecraft:obsidian":5,"minecraft:budding_amethyst":1,"gothic:cave_mushrooms":1,"minecraft:granite":2,"minecraft:acacia_log":17,"minecraft:grass_block":7,"minecraft:light_gray_bed":4,"minecraft:coal_block":39,"minecraft:spruce_leaves":3,"minecraft:spawner":5,"minecraft:furnace":4,"minecraft:iron_ore":81,"minecraft:cobbled_deepslate":18,"minecraft:acacia_wood":3,"minecraft:andesite":14,"minecraft:deepslate_lapis_ore":11,"create:asurine":64,"minecraft:deepslate_iron_ore":40,"minecraft:stone":674,"minecraft:deepslate_redstone_ore":33,"born_in_chaos_v1:marigolds":1,"minecraft:amethyst_cluster":15,"minecraft:medium_amethyst_bud":2,"born_in_chaos_v1:infected_deepslate_diamond_ore":3,"minecraft:oak_fence":2,"minecraft:crafting_table":9,"minecraft:torch":4,"minecraft:calcite":6,"create:scoria":12,"gothic:magic_ore_deepslate":7,"minecraft:copper_ore":16,"minecraft:tall_grass":30,"minecraft:cobblestone":39,"minecraft:deepslate_gold_ore":19,"minecraft:lapis_ore":4,"minecraft:oak_planks":2,"minecraft:sugar_cane":2,"minecraft:wall_torch":11,"minecraft:amethyst_block":7,"minecraft:diorite":6,"gothic:magic_ore_stone":3,"minecraft:spruce_log":18,"minecraft:gray_bed":1,"gothic:miners_food_wild":1,"minecraft:grass":34,"minecraft:coal_ore":52,"minecraft:acacia_fence":1,"minecraft:gravel":28,"minecraft:dirt":27,"minecraft:sand":12,"minecraft:cobweb":1,"minecraft:smooth_basalt":2,"gothic:tall_mushrooms":3,"create:crimsite":3,"minecraft:deepslate":658,"minecraft:infested_stone":5},"minecraft:dropped":{"minecraft:iron_ingot":10,"minecraft:wheat_seeds":9,"minecraft:mossy_cobblestone":2,"minecraft:crafting_table":1,"minecraft:iron_helmet":1,"minecraft:cobblestone":53,"minecraft:leather":2,"create:crimsite":2,"minecraft:saddle":1,"undead_unleashed:grave_metal_scrap":12,"travelersbackpack:standard":2,"minecraft:rail":2,"minecraft:flint":1,"minecraft:stick":21,"minecraft:item_frame":2,"minecraft:dirt":4,"tombstone:grave_key":1,"skilltree:gem":21,"minecraft:iron_leggings":1,"minecraft:writable_book":1,"minecraft:iron_axe":1,"minecraft:string":1,"minecraft:birch_log":1,"minecraft:white_wool":3,"minecraft:acacia_planks":3,"artifacts:digging_claws":1,"gothic:miners_food":1,"minecraft:redstone":6,"minecraft:smooth_basalt":2,"minecraft:bone":6,"tombstone:lollipop":1,"minecraft:gravel":14,"minecraft:stone_axe":1,"minecraft:sugar_cane":4,"artifacts:kitty_slippers":1,"minecraft:cobbled_deepslate":2,"minecraft:raw_copper":29,"minecraft:wheat":2,"minecraft:raw_iron":1,"minecraft:rotten_flesh":40,"minecraft:oak_planks":8,"minecraft:iron_boots":1,"gothic:magic_ore_nugget":2,"minecraft:iron_chestplate":1,"undead_unleashed:grave_metal_axe":1,"minecraft:diamond_pickaxe":1,"born_in_chaos_v1:corpse_maggot":8,"minecraft:spider_eye":1,"minecraft:arrow":10,"minecraft:stone_pickaxe":5,"minecraft:wooden_pickaxe":1,"minecraft:raw_gold":19,"born_in_chaos_v1:marigolds":2,"minecraft:acacia_fence":1,"minecraft:egg":3},"minecraft:custom":{"minecraft:interact_with_smithing_table":13,"minecraft:interact_with_anvil":1,"minecraft:mob_kills":107,"minecraft:interact_with_crafting_table":48,"minecraft:open_barrel":26,"minecraft:eat_cake_slice":2,"minecraft:damage_dealt_resisted":42,"minecraft:leave_game":3,"minecraft:time_since_death":127994,"minecraft:climb_one_cm":1847,"minecraft:sprint_one_cm":354493,"minecraft:walk_one_cm":889553,"minecraft:damage_blocked_by_shield":1460,"minecraft:drop":121,"minecraft:play_time":254003,"minecraft:sneak_time":15573,"minecraft:deaths":9,"minecraft:walk_under_water_one_cm":20897,"minecraft:boat_one_cm":204302,"minecraft:interact_with_lectern":2,"minecraft:jump":4560,"minecraft:interact_with_blast_furnace":13,"minecraft:walk_on_water_one_cm":68999,"minecraft:total_world_time":254003,"minecraft:interact_with_furnace":70,"minecraft:interact_with_cartography_table":3,"minecraft:sleep_in_bed":5,"minecraft:time_since_rest":55817,"minecraft:damage_taken":6253,"minecraft:damage_dealt":21703,"minecraft:swim_one_cm":21030,"minecraft:fly_one_cm":600783,"minecraft:crouch_one_cm":42828,"minecraft:open_chest":62,"tombstone:undead_killed":55,"minecraft:fall_one_cm":99847,"minecraft:inspect_dispenser":1}},"DataVersion":3120}